,Verse,Word,lemmata,MSA
0,1,Vulneror et clausum porto sub pectore telum,"['Vulneror', 'et', 'clausus', 'porsum', 'sub', 'pector', 'telum']","['ADV', 'CCONJ', 'NOUN', 'VERB', 'ADP', 'NOUN', 'NOUN']"
1,10,Cum sit consilij copia nulla michi,"['Cum', 'sum', 'consilium', 'copia', 'nullus', 'michi']","['SCONJ', 'AUX', 'NOUN', 'NOUN', 'PRON', 'PUNCT']"
2,100,Siue potes pulcris pascere pasce ioci,"['Siue', 'possum', 'pulcris', 'pasco', 'pasco', 'ioci']","['CCONJ', 'VERB', 'NOUN', 'VERB', 'VERB', 'PUNCT']"
3,101,Gaudia semper amat et ludrica uerba iuuentus,"['maudium', 'semper', 'amo', 'et', 'ludricus', 'uerba', 'iuuentus']","['NOUN', 'ADV', 'VERB', 'CCONJ', 'ADJ', 'NOUN', 'NOUN']"
4,102,Et iuuenum mentes hec in amore mouent,"['Et', 'iuuenus', 'mens', 'hic', 'in', 'amor', 'modeo']","['CCONJ', 'ADJ', 'NOUN', 'PRON', 'ADP', 'NOUN', 'VERB']"
5,103,Nec semper semper ei te letis uultibus offer,"['Nec', 'semper', 'semper', 'is', 'tu', 'les', 'uultus', 'offero']","['CCONJ', 'ADV', 'ADV', 'PRON', 'PRON', 'NOUN', 'NOUN', 'VERB']"
6,104,Est cum leticia pulcrior omnis homo,"['sum', 'cum', 'leticius', 'pulcrior', 'omnis', 'homo']","['AUX', 'ADP', 'ADJ', 'ADJ', 'PRON', 'NOUN']"
7,105,Nec nimium taceas nec uerba superflua dica,"['Nec', 'nimium', 'taceo', 'nec', 'uerba', 'superfluus', 'dico']","['CCONJ', 'NOUN', 'VERB', 'CCONJ', 'NOUN', 'ADJ', 'VERB']"
8,106,Despicit ex nimio sepe puella uirum,"['mespicio', 'ex', 'nimius', 'sepe', 'puella', 'uier']","['VERB', 'ADP', 'ADJ', 'ADP', 'NOUN', 'NOUN']"
9,107,Excitat et nutrit facundia dulcis amorem,"['mxcito', 'et', 'nutrio', 'facundia', 'dulcis', 'amor']","['VERB', 'CCONJ', 'VERB', 'NOUN', 'ADJ', 'NOUN']"
10,108,Et mulcens animos mitigat feros,"['Et', 'mulceo', 'animus', 'mitigo', 'ferus']","['CCONJ', 'VERB', 'NOUN', 'VERB', 'NOUN']"
11,109,Si locus est illi iocundis uiribus insta,"['ni', 'locus', 'sum', 'ille', 'iocundus', 'umis', 'insta']","['SCONJ', 'NOUN', 'AUX', 'PRON', 'ADJ', 'NOUN', 'PUNCT']"
12,11,Sed quia multa nocent opus est michi querere multa,"['Sed', 'quia', 'multus', 'noceo', 'opus', 'sum', 'ego', 'quuro', 'multus']","['CCONJ', 'SCONJ', 'ADJ', 'VERB', 'NOUN', 'AUX', 'PRON', 'VERB', 'ADJ']"
13,110,Aut uix sperasci mox dabit ipsa tibi,"['Aut', 'uix', 'sperascor', 'mox', 'do', 'ipse', 'tu']","['CCONJ', 'ADV', 'VERB', 'ADV', 'VERB', 'PRON', 'PRON']"
14,111,Non sinit interdum pudor illi promere uotum,"['Non', 'sino', 'interdum', 'pudor', 'ille', 'promo', 'uotus']","['ADV', 'VERB', 'ADV', 'NOUN', 'PRON', 'VERB', 'NOUN']"
15,112,Sed quod hahere cupit hec magis ipsa negat,"['Sed', 'qui', 'haher', 'cupio', 'hic', 'magis', 'ipse', 'nego']","['CCONJ', 'PRON', 'NOUN', 'VERB', 'PRON', 'ADV', 'PRON', 'VERB']"
16,113,Pulcrius esse putat ui perdere uirginitatem,"['Pulcrius', 'esse', 'puto', 'uu', 'perdo', 'uirginitas']","['ADJ', 'NOUN', 'VERB', 'NOUN', 'VERB', 'NOUN']"
17,114,Quam dicat De me fac modo uelle tuum,"['idem', 'dico', 'De', 'ego', 'facio', 'modus', 'uello', 'tuus']","['PRON', 'VERB', 'ADP', 'PRON', 'VERB', 'NOUN', 'VERB', 'ADJ']"
18,115,Hoc nimium caueas si sit tibi certa supellex,"['ego', 'nimius', 'cauea', 'si', 'sum', 'tu', 'certus', 'supellex']","['PRON', 'ADJ', 'NOUN', 'SCONJ', 'AUX', 'PRON', 'ADJ', 'NOUN']"
19,116,Nesciat esse tuum pauperiemque tuam,"['mescio', 'esse', 'tuus', 'pauperies', 'tuus']","['VERB', 'NOUN', 'ADJ', 'ADJ', 'ADJ']"
20,117,Exiguo pulcram ducit sollercia uitam,"['mxiguus', 'pulcrum', 'duco', 'sollercia', 'uita']","['ADJ', 'NOUN', 'VERB', 'NOUN', 'NOUN']"
21,118,Iocundoque suas ore tegit lacrimas,"['Iocundoque', 'suus', 'os', 'tigo', 'lacrima']","['ADV', 'ADJ', 'NOUN', 'VERB', 'NOUN']"
22,119,Quod non est simulare potes dictis habituque,"['ide', 'non', 'sum', 'simulo', 'possum', 'dico', 'habitus']","['PRON', 'ADV', 'AUX', 'VERB', 'VERB', 'VERB', 'NOUN']"
23,12,Nam solet ars dominum sepe iuuare suum,"['Nam', 'soleo', 'ars', 'dominus', 'sepe', 'iuuo', 'suus']","['ADV', 'VERB', 'NOUN', 'NOUN', 'ADV', 'VERB', 'ADJ']"
24,120,Maxima sors paruo - contingit ingenio,"['magnus', 'sors', 'paruo', '-', 'contingo', 'ingenium']","['ADJ', 'NOUN', 'NOUN', 'PUNCT', 'VERB', 'NOUN']"
25,121,Plurima mundus habet sua que uicina nescit,"['multus', 'mundus', 'habeo', 'suus', 'que', 'uicinus', 'nescio']","['ADJ', 'NOUN', 'VERB', 'ADJ', 'CCONJ', 'ADJ', 'VERB']"
26,122,De quibus apta sibi plura referre potes,"['De', 'qui', 'aptus', 'se', 'multus', 'refero', 'possum']","['ADP', 'PRON', 'ADJ', 'PRON', 'ADJ', 'VERB', 'VERB']"
27,123,Crede quod interdum multis mendacia prosunt,"['mredeo', 'quod', 'interdum', 'multus', 'mendacia', 'prosum']","['VERB', 'SCONJ', 'ADV', 'ADJ', 'NOUN', 'VERB']"
28,124,Et quandoque nocet omnia uera loqui,"['Et', 'quandoque', 'noceo', 'omnis', 'uerus', 'loquor']","['CCONJ', 'ADV', 'VERB', 'PRON', 'ADJ', 'VERB']"
29,125,Et famulos famulasque domus sibi sepe loquendo,"['Et', 'famulus', 'famulo', 'domus', 'se', 'sepe', 'loquor']","['CCONJ', 'NOUN', 'VERB', 'NOUN', 'PRON', 'ADP', 'VERB']"
30,126,Allice colloquijs muneribusque tuis,"['molo', 'colloquium', 'munerus', 'tuus']","['VERB', 'NOUN', 'NOUN', 'ADJ']"
31,127,Vt semper referat de te bona uerba uicissim,"['Vt', 'semper', 'refero', 'de', 'tu', 'bonum', 'uerba', 'uicio']","['SCONJ', 'ADV', 'VERB', 'ADP', 'PRON', 'NOUN', 'NOUN', 'VERB']"
32,128,Et pascant dominam laudibus semperque tuam,"['Et', 'pasco', 'dominus', 'lausa', 'semperque', 'tuus']","['CCONJ', 'VERB', 'ADJ', 'NOUN', 'ADV', 'ADJ']"
33,129,Dum dubias dubio mentes in pectore uersat,"['Dum', 'dubius', 'dubius', 'mens', 'in', 'pector', 'uerto']","['SCONJ', 'ADJ', 'ADV', 'NOUN', 'ADP', 'NOUN', 'VERB']"
34,13,Si mea pla suos denudet in ordine uultus,"['ni', 'meus', 'pla', 'suus', 'denudo', 'in', 'ordo', 'uultus']","['SCONJ', 'ADJ', 'NOUN', 'ADJ', 'VERB', 'ADP', 'NOUN', 'NOUN']"
35,130,En faciat uel non nesciat uelle tuum,"['En', 'facio', 'uel', 'non', 'nescio', 'uello', 'tuus']","['ADV', 'VERB', 'SCONJ', 'ADV', 'VERB', 'VERB', 'ADJ']"
36,131,Tunc illam multo tempore sepe fatiga,"['Tunc', 'ille', 'multo', 'tempus', 'sepeo', 'fatiga']","['ADV', 'PRON', 'ADV', 'NOUN', 'VERB', 'NOUN']"
37,132,Et tucius possis uictor amore frui,"['Et', 'tucius', 'possum', 'uictor', 'amor', 'fruor']","['CCONJ', 'ADV', 'VERB', 'NOUN', 'NOUN', 'VERB']"
38,133,Pellitur huc animus hominum uel depellitur illuc,"['mello', 'huc', 'animus', 'homo', 'uel', 'depello', 'illuc']","['VERB', 'ADV', 'NOUN', 'NOUN', 'SCONJ', 'VERB', 'PUNCT']"
39,134,Sepe labore breui dum manet in dubio,"['Sepe', 'labor', 'bres', 'dum', 'maneo', 'in', 'dubius']","['ADP', 'NOUN', 'NOUN', 'SCONJ', 'VERB', 'ADP', 'NOUN']"
40,135,Et placeat uobis fidus interpres utrisque,"['Et', 'placeo', 'us', 'fidus', 'interpres', 'uterque']","['CCONJ', 'VERB', 'PRON', 'NOUN', 'NOUN', 'PRON']"
41,136,Qui caute referat hoc quod uterque cupit,"['qui', 'caute', 'refero', 'hic', 'quod', 'uterque', 'cupio']","['PRON', 'ADV', 'VERB', 'PRON', 'SCONJ', 'PRON', 'VERB']"
42,137,Emula nam iuuenum diiudicat acta senectus,"['Emula', 'nam', 'iuuenus', 'dijudico', 'ago', 'senectus']","['ADV', 'ADV', 'ADJ', 'VERB', 'VERB', 'NOUN']"
43,138,Et simul hos prohibet litigiosa loqui,"['Et', 'simul', 'hic', 'prohibeo', 'litigiosus', 'loquor']","['CCONJ', 'ADV', 'PRON', 'VERB', 'ADJ', 'VERB']"
44,139,Incipe Spe melius dedit et dabit omnia tempus,"['mncipio', 'epse', 'melius', 'do', 'et', 'do', 'omnis', 'tempus']","['VERB', 'NOUN', 'ADV', 'VERB', 'CCONJ', 'VERB', 'PRON', 'NOUN']"
45,14,Qui sit et unde uenit et quis arma posuit,"['qui', 'sum', 'et', 'unde', 'uenio', 'et', 'quis', 'arma', 'pono']","['PRON', 'VERB', 'CCONJ', 'ADV', 'VERB', 'CCONJ', 'PRON', 'NOUN', 'VERB']"
46,140,Nec timor ullus erit in quibus esse times,"['Nec', 'timor', 'ullus', 'sum', 'in', 'qui', 'sum', 'timeo']","['CCONJ', 'NOUN', 'PRON', 'VERB', 'ADP', 'PRON', 'VERB', 'VERB']"
47,141,Non tibi plus dicam uinces studiosus amicam,"['Non', 'tu', 'plus', 'dico', 'uinis', 'studiosus', 'amica']","['ADV', 'PRON', 'ADV', 'VERB', 'NOUN', 'ADJ', 'NOUN']"
48,142,Inceptumque uijs mille patebit opus,"['mnceptus', 'uijs', 'mille', 'pateo', 'opus']","['ADJ', 'ADP', 'NUM', 'VERB', 'NOUN']"
49,143,Incolumis egro leuiter solacia prebet,"['mncolum', 'egro', 'leuiter', 'solacia', 'prebum']","['NOUN', 'ADV', 'ADV', 'NOUN', 'VERB']"
50,144,Nec minus infirmus sentit adesse malum,"['Nec', 'minus', 'infirmus', 'sentio', 'adsum', 'malum']","['CCONJ', 'ADV', 'ADJ', 'VERB', 'VERB', 'NOUN']"
51,145,Consilio Veneris michi non dolor alleuiatur,"['monsilium', 'menus', 'ego', 'non', 'dolor', 'allecio']","['NOUN', 'PROPN', 'PRON', 'ADV', 'NOUN', 'VERB']"
52,146,Sed meus in tristi pectore regnat amor,"['Sed', 'meus', 'in', 'tristus', 'pector', 'regno', 'amor']","['CCONJ', 'ADJ', 'ADP', 'ADJ', 'NOUN', 'VERB', 'NOUN']"
53,147,Hactenus auxilij michi spes fuit omnis in illa,"['Hactenus', 'auxilium', 'ego', 'spes', 'sum', 'omnis', 'in', 'ille']","['ADV', 'NOUN', 'PRON', 'NOUN', 'AUX', 'PRON', 'ADP', 'PRON']"
54,148,Opes modo discessit et manet ipse dolor,"['Opes', 'modus', 'discedo', 'et', 'maneo', 'ipse', 'dolor']","['NOUN', 'NOUN', 'VERB', 'CCONJ', 'VERB', 'PRON', 'NOUN']"
55,149,Non miser euadam me nauta reliquit in undis,"['Non', 'miser', 'euadus', 'ego', 'nauta', 'relinquo', 'in', 'undis']","['ADV', 'ADJ', 'NOUN', 'PRON', 'NOUN', 'VERB', 'ADP', 'NOUN']"
56,15,Perdet et ipsa sue fortassis spem medicine,"['merdo', 'et', 'ipse', 'sue', 'fortasse', 'spes', 'medicine']","['VERB', 'CCONJ', 'PRON', 'ADJ', 'ADP', 'NOUN', 'PUNCT']"
57,150,Et portum quero nec reperire queo,"['Et', 'portus', 'quiero', 'nec', 'reperio', 'queo']","['CCONJ', 'NOUN', 'VERB', 'CCONJ', 'VERB', 'VERB']"
58,151,Sed modo quid faciam Mea mens modo spectat ad illam,"['Sed', 'modus', 'quis', 'facio', 'meus', 'mens', 'modus', 'specto', 'ad', 'ille']","['CCONJ', 'NOUN', 'PRON', 'VERB', 'ADJ', 'NOUN', 'NOUN', 'VERB', 'ADP', 'PRON']"
59,152,Illi me nouiter conuenit inde loqui,"['elle', 'ego', 'nouiter', 'conueno', 'inde', 'loquor']","['PRON', 'PRON', 'ADV', 'VERB', 'ADV', 'VERB']"
60,153,Quam formosa Deus nudis uenis ipsa capillis,"['idem', 'formosus', 'Deus', 'nudus', 'uenis', 'ipse', 'capillum']","['PRON', 'NOUN', 'PROPN', 'ADJ', 'NOUN', 'PRON', 'NOUN']"
61,154,Quantus et esset ei nunc locus inde loqui,"['muo', 'et', 'sum', 'is', 'nunc', 'locus', 'inde', 'loquor']","['VERB', 'CCONJ', 'AUX', 'PRON', 'ADV', 'NOUN', 'ADV', 'VERB']"
62,155,Sed sumpto tanti michi nunc uenire timores,"['Sed', 'sumo', 'tantus', 'ego', 'nunc', 'uenio', 'timor']","['CCONJ', 'VERB', 'PRON', 'PRON', 'ADV', 'VERB', 'NOUN']"
63,156,Nec mea mens mecum nec mea uerba manent,"['Nec', 'meus', 'mens', 'mecus', 'nec', 'meus', 'uerba', 'maneo']","['CCONJ', 'ADJ', 'NOUN', 'ADJ', 'CCONJ', 'ADJ', 'NOUN', 'VERB']"
64,157,Nec michi sunt uires trepidantque manus pedesque,"['Nec', 'ego', 'sum', 'uipis', 'trepido', 'manus', 'pedesque']","['CCONJ', 'PRON', 'AUX', 'NOUN', 'VERB', 'NOUN', 'NOUN']"
65,158,Attonitoque nullus congruus est habitus,"['mttonitoque', 'nullus', 'congruus', 'sum', 'habitus']","['ADV', 'PRON', 'ADJ', 'AUX', 'NOUN']"
66,159,Mentis in affectu sibi dicere plura paraui,"['mens', 'in', 'affectus', 'se', 'dico', 'multus', 'paraui']","['NOUN', 'ADP', 'NOUN', 'PRON', 'VERB', 'ADJ', 'PUNCT']"
67,16,Opes reficit dominum fallit et ipsa suum,"['Opes', 'reficio', 'dominus', 'fallo', 'et', 'ipse', 'suus']","['NOUN', 'VERB', 'NOUN', 'VERB', 'CCONJ', 'PRON', 'ADJ']"
68,160,Sed timor excussit dicere que uolui,"['Sed', 'timor', 'excusro', 'dico', 'que', 'uoluo']","['CCONJ', 'NOUN', 'VERB', 'VERB', 'CCONJ', 'VERB']"
69,161,Non sum qui fueram uix me cognoscere possum,"['Non', 'sum', 'qui', 'sum', 'uix', 'ego', 'cognosco', 'possum']","['ADV', 'AUX', 'PRON', 'VERB', 'ADP', 'PRON', 'VERB', 'VERB']"
70,162,Nec bene uox sequitur sed tantum inde loquar,"['Nec', 'bene', 'uox', 'sequor', 'sed', 'tantum', 'inde', 'loquor']","['CCONJ', 'ADV', 'NOUN', 'VERB', 'CCONJ', 'ADV', 'ADV', 'VERB']"
71,163,Alterius uille mea neptis mille salutes,"['elterior', 'uilis', 'meus', 'neptus', 'mille', 'salus']","['PRON', 'NOUN', 'ADJ', 'NOUN', 'NUM', 'NOUN']"
72,164,Per me mandauit officiumque tibi,"['Per', 'ego', 'mando', 'officium', 'tu']","['ADP', 'PRON', 'VERB', 'NOUN', 'PRON']"
73,165,Hec te cognoscit dictis et nomine tantum,"['Hec', 'tu', 'cognosco', 'dico', 'et', 'nomen', 'tantum']","['PRON', 'PRON', 'VERB', 'VERB', 'CCONJ', 'NOUN', 'ADV']"
74,166,Sed te si locus est ipsa uidere cupit,"['Sed', 'tu', 'si', 'locus', 'sum', 'ipse', 'umeo', 'cupio']","['CCONJ', 'PRON', 'SCONJ', 'NOUN', 'AUX', 'PRON', 'VERB', 'VERB']"
75,167,Illic me uoluere mei retinere parentes,"['Illic', 'ego', 'uolo', 'meus', 'retineo', 'parens']","['ADV', 'PRON', 'VERB', 'ADJ', 'VERB', 'NOUN']"
76,168,De quibus electis uilla redundat ibi,"['De', 'qui', 'eligo', 'ullus', 'redundo', 'ibi']","['ADP', 'PRON', 'VERB', 'NOUN', 'VERB', 'ADV']"
77,169,Hij michi spondebant cum summa dote puellam,"['Hij', 'ego', 'spondo', 'cum', 'summus', 'dos', 'puella']","['NOUN', 'PRON', 'VERB', 'ADP', 'ADJ', 'NOUN', 'NOUN']"
78,17,Si tegat ex toto faciem motusque doloris,"['ni', 'tego', 'ex', 'totus', 'facies', 'motus', 'dolor']","['SCONJ', 'VERB', 'ADP', 'PRON', 'NOUN', 'NOUN', 'NOUN']"
79,170,Pluraque que non est cura referre modo,"['mluraque', 'que', 'non', 'sum', 'cura', 'refero', 'modus']","['ADV', 'CCONJ', 'ADV', 'AUX', 'NOUN', 'VERB', 'NOUN']"
80,171,Omnia postposui tu sola michi placuisti,"['nmnis', 'postpono', 'tu', 'solus', 'ego', 'placeo']","['PRON', 'VERB', 'PRON', 'ADJ', 'PRON', 'VERB']"
81,172,Respuerem pro te quicquid in orbe manet,"['mespuo', 'pro', 'tu', 'quisquis', 'in', 'orbis', 'maneo']","['VERB', 'ADP', 'PRON', 'PRON', 'ADP', 'NOUN', 'VERB']"
82,173,Ludendo loquimur loquitur sic sepe iuuentus,"['mudo', 'loquor', 'loquor', 'sic', 'sepes', 'iuuentus']","['VERB', 'VERB', 'VERB', 'ADV', 'PRON', 'NOUN']"
83,174,Verbula ficta iocis iurgia nulla mouent,"['Verbula', 'fingo', 'iocis', 'iurgium', 'nullus', 'modeo']","['NOUN', 'VERB', 'NOUN', 'NOUN', 'PRON', 'VERB']"
84,175,Sed modo dicamus cordis secreta uicissim,"['Sed', 'modus', 'dico', 'cor', 'secretum', 'uicio']","['CCONJ', 'NOUN', 'VERB', 'NOUN', 'NOUN', 'VERB']"
85,176,Dictaque preter nos nesciat alter alter homo,"['mictaquus', 'preter', 'nos', 'nescio', 'alter', 'alter', 'homo']","['ADJ', 'ADP', 'PRON', 'VERB', 'PRON', 'PRON', 'NOUN']"
86,177,Demus et inde fidem fieri sic Postea dicam,"['memto', 'et', 'inde', 'fides', 'facio', 'sic', 'Postea', 'dico']","['VERB', 'CCONJ', 'ADV', 'NOUN', 'VERB', 'ADV', 'ADV', 'VERB']"
87,178,Primitus incepi primitus inde loquar,"['Primitus', 'incipio', 'primitus', 'inde', 'loquor']","['ADV', 'VERB', 'ADV', 'ADV', 'VERB']"
88,179,Nos modo concordes debemus uera fateri,"['Nos', 'modus', 'concordis', 'debeo', 'uerus', 'fateor']","['PRON', 'NOUN', 'ADJ', 'VERB', 'ADJ', 'VERB']"
89,18,Et magnam querat plaqa salutis opem,"['Et', 'magnus', 'quuro', 'plaqa', 'salus', 'ops']","['CCONJ', 'ADJ', 'VERB', 'NOUN', 'NOUN', 'PUNCT']"
90,180,Gracior in mundo te michi nulla manet,"['Gracior', 'in', 'mundus', 'tu', 'ego', 'nullus', 'maneo']","['NOUN', 'ADP', 'NOUN', 'PRON', 'PRON', 'PRON', 'VERB']"
91,181,Et te dilexi iam ter pertransijt annus,"['Et', 'tu', 'diligo', 'iam', 'ter', 'pertranseo', 'annus']","['CCONJ', 'PRON', 'VERB', 'ADV', 'NOUN', 'VERB', 'NOUN']"
92,182,Nostra nec ausus eram uota referre tibi,"['moster', 'nec', 'audeo', 'sum', 'uotus', 'refero', 'tu']","['ADJ', 'CCONJ', 'VERB', 'AUX', 'NOUN', 'VERB', 'PRON']"
93,183,Tempore non longo loquitur sapiencia surdo,"['mempus', 'non', 'longus', 'loquor', 'sapiens', 'surdo']","['NOUN', 'ADV', 'ADJ', 'VERB', 'ADJ', 'PUNCT']"
94,184,Nosque diu frustra non decet inde loqui,"['mosqui', 'diu', 'frustra', 'non', 'decet', 'inde', 'loquor']","['PRON', 'ADV', 'ADV', 'ADV', 'VERB', 'ADV', 'VERB']"
95,185,Te constanter amo modo plus - dicere nolo,"['ego', 'constanter', 'amo', 'modus', 'plus', '-', 'dico', 'nolo']","['PRON', 'ADV', 'VERB', 'NOUN', 'ADV', 'PUNCT', 'VERB', 'VERB']"
96,186,Donec tu dicas quid placet inde tibi,"['Donec', 'tu', 'dico', 'quis', 'placeo', 'inde', 'tu']","['SCONJ', 'PRON', 'VERB', 'PRON', 'VERB', 'ADV', 'PRON']"
97,187,"""Sic multi multas multo temptamine fallunt","['""Sic', 'multus', 'multus', 'multo', 'temptamen', 'fallo']","['NOUN', 'ADJ', 'ADJ', 'ADV', 'NOUN', 'VERB']"
98,188,Sic multas fallit ingeniosus amor,"['Sic', 'multus', 'fallo', 'ingeniosus', 'amor']","['ADV', 'ADJ', 'VERB', 'ADJ', 'NOUN']"
99,189,Infature - tuo sermone uel arte putasti,"['Infature', '-', 'tuus', 'sermo', 'uel', 'ars', 'puto']","['ADV', 'PUNCT', 'ADJ', 'NOUN', 'ADP', 'NOUN', 'VERB']"
100,19,Forsitan euenient peiora prioribus illis,"['Forsitan', 'euenio', 'malum', 'prior', 'ille']","['ADV', 'VERB', 'ADJ', 'ADJ', 'PRON']"
101,190,Quam falli uestro non decet ingenio,"['idem', 'fallo', 'uester', 'non', 'decet', 'ingenium']","['PRON', 'VERB', 'ADJ', 'ADV', 'VERB', 'NOUN']"
102,191,Quere tuis alias incestis moribus aptas,"['mueo', 'tuus', 'alius', 'incestus', 'mos', 'aptus']","['VERB', 'ADJ', 'PRON', 'ADJ', 'NOUN', 'ADJ']"
103,192,Quas tua falsa fides et dolus infatuet,"['ide', 'tuus', 'falsus', 'fides', 'et', 'dolus', 'infatuo']","['PRON', 'ADJ', 'ADJ', 'NOUN', 'CCONJ', 'NOUN', 'VERB']"
104,193,"""Sepius impediunt iustos peccata malorum","['maepius', 'impedio', 'iustus', 'peccatum', 'malum']","['ADJ', 'VERB', 'ADJ', 'NOUN', 'NOUN']"
105,194,Sic nocet alterius non mea culpa michi,"['Sic', 'noceo', 'alter', 'non', 'meus', 'culpa', 'michi']","['ADV', 'VERB', 'PRON', 'ADV', 'ADJ', 'NOUN', 'PUNCT']"
106,195,Sed tamen auscultet gracia me uestra benigne,"['Sed', 'tamen', 'ausculto', 'gracia', 'ego', 'uester', 'benigne']","['CCONJ', 'ADV', 'VERB', 'NOUN', 'PRON', 'ADJ', 'PUNCT']"
107,196,Et liceat - domine dicere pauca mee,"['Et', 'licet', '-', 'dominus', 'dico', 'paucus', 'ego']","['CCONJ', 'VERB', 'PUNCT', 'NOUN', 'VERB', 'ADJ', 'PRON']"
108,197,Inde Deum celi testor quoque numina terre,"['Inde', 'meus', 'celum', 'tespo', 'quoque', 'numen', 'terre']","['ADV', 'PROPN', 'NOUN', 'VERB', 'ADV', 'NOUN', 'PUNCT']"
109,198,Non loquor ista tibi fraude uel ingenio,"['Non', 'loquor', 'iste', 'tu', 'fraus', 'uel', 'ingenium']","['ADV', 'VERB', 'PRON', 'PRON', 'NOUN', 'SCONJ', 'NOUN']"
110,199,Hoc manet in mundo te non michi gracior ulla,"['ego', 'maneo', 'in', 'mundus', 'tu', 'non', 'ego', 'gracior', 'ullus']","['PRON', 'VERB', 'ADP', 'NOUN', 'PRON', 'ADV', 'PRON', 'NOUN', 'PRON']"
111,2,Crescit et assidue plaga dolorque michi,"['mresco', 'et', 'assidue', 'plaga', 'dolor', 'michi']","['VERB', 'CCONJ', 'ADV', 'NOUN', 'NOUN', 'PUNCT']"
112,20,Et me continget protinus inde mori,"['Et', 'ego', 'contingo', 'protinus', 'inde', 'morior']","['CCONJ', 'PRON', 'VERB', 'ADJ', 'ADV', 'VERB']"
113,200,Carius et nullam mens animusque uident,"['marus', 'et', 'nullus', 'mens', 'animus', 'umdeo']","['ADJ', 'CCONJ', 'PRON', 'NOUN', 'NOUN', 'VERB']"
114,201,Sed loquor incassum tua mens puerilis et etas,"['Sed', 'loquor', 'incassus', 'tuus', 'mens', 'puerilis', 'et', 'eta']","['CCONJ', 'VERB', 'NOUN', 'ADJ', 'NOUN', 'NOUN', 'CCONJ', 'NOUN']"
115,202,Quid nocet aut prodest noscere nescis adhuc,"['mid', 'noceo', 'aut', 'prodedo', 'nosco', 'nescido', 'adhuc']","['PRON', 'VERB', 'CCONJ', 'VERB', 'VERB', 'VERB', 'ADV']"
116,203,Iunior antiqua quamuis sit acucior etas,"['munis', 'antiquus', 'quamuis', 'sum', 'acucus', 'eta']","['ADJ', 'ADJ', 'ADV', 'AUX', 'ADJ', 'NOUN']"
117,204,Iam cum multa senes plura uident iuuenes,"['Iam', 'cum', 'multus', 'sen', 'multus', 'umdeo', 'iusenis']","['ADV', 'SCONJ', 'ADJ', 'NOUN', 'ADJ', 'VERB', 'NOUN']"
118,205,Et quamuis - iuuenis fac ut cognoscere possis,"['Et', 'quamuis', '-', 'iusenis', 'facio', 'ut', 'cognosco', 'possum']","['CCONJ', 'ADV', 'PUNCT', 'PROPN', 'VERB', 'SCONJ', 'VERB', 'VERB']"
119,206,Quis sim que mea res quisue meus sit amor,"['Quis', 'sum', 'que', 'meus', 'res', 'quisue', 'meus', 'sum', 'amor']","['PRON', 'AUX', 'CCONJ', 'ADJ', 'NOUN', 'SCONJ', 'ADJ', 'AUX', 'NOUN']"
120,207,Iunctarum rerum prudencia discitur usu,"['mungo', 'res', 'prudencia', 'disco', 'usus']","['VERB', 'NOUN', 'NOUN', 'VERB', 'NOUN']"
121,208,Vsus que ars docuit quod sapit omnis homo,"['Vsus', 'que', 'ars', 'docuo', 'quod', 'sapio', 'omnis', 'homo']","['NOUN', 'CCONJ', 'NOUN', 'VERB', 'SCONJ', 'VERB', 'PRON', 'NOUN']"
122,209,Pre uenire loqui necnon dare uerba uicissim,"['mreo', 'uenio', 'loquor', 'necnon', 'do', 'uerba', 'uicio']","['VERB', 'VERB', 'VERB', 'CCONJ', 'VERB', 'NOUN', 'VERB']"
123,21,Estimo monstrari melius nam conditus igni,"['mstimo', 'monstro', 'bonus', 'nam', 'condo', 'ignis']","['VERB', 'VERB', 'ADJ', 'ADV', 'VERB', 'NOUN']"
124,210,Esse simul tantum deprecor ut liceat,"['Esse', 'simul', 'tantum', 'depreco', 'ut', 'licet']","['NOUN', 'ADV', 'ADV', 'VERB', 'SCONJ', 'VERB']"
125,211,Non nisi colloquio cognoscimus intima cordis,"['Non', 'nisi', 'colloquio', 'cognosco', 'intimus', 'cor']","['ADV', 'SCONJ', 'NOUN', 'VERB', 'ADJ', 'NOUN']"
126,212,Ipsa referre potes quid placet inde tibi,"['epse', 'refero', 'possum', 'quis', 'placeo', 'inde', 'tu']","['PRON', 'VERB', 'VERB', 'PRON', 'VERB', 'ADV', 'PRON']"
127,213,"""Ire uenire loqui tibi nec cuiquam prohibebo","['moteo', 'uenio', 'loquor', 'tu', 'nec', 'quisquam', 'prohibeo']","['VERB', 'VERB', 'VERB', 'PRON', 'CCONJ', 'PRON', 'VERB']"
128,214,Quisquis ubique uias ire uiator habet,"['Quisquis', 'ubique', 'uia', 'eo', 'uiator', 'habeo']","['PRON', 'ADV', 'NOUN', 'VERB', 'NOUN', 'VERB']"
129,215,Conuenit et est honor ut det responsa petenti,"['monueno', 'et', 'sum', 'honor', 'ut', 'do', 'respondeo', 'peto']","['VERB', 'CCONJ', 'AUX', 'NOUN', 'SCONJ', 'VERB', 'VERB', 'VERB']"
130,216,Et quoscunque uidet queque puella uocet,"['Et', 'quicumque', 'uideo', 'queque', 'puella', 'uoceo']","['CCONJ', 'PRON', 'VERB', 'PRON', 'NOUN', 'VERB']"
131,217,Hoc concedo satis uel tu nel quilibet alter,"['ego', 'concedo', 'satis', 'uel', 'tu', 'nel', 'quilibet', 'alter']","['PRON', 'VERB', 'ADV', 'SCONJ', 'PRON', 'VERB', 'PRON', 'PRON']"
132,218,Et ueniat saluo semper honore meo,"['Et', 'uenio', 'saluus', 'semper', 'honor', 'meus']","['CCONJ', 'VERB', 'ADJ', 'ADV', 'NOUN', 'ADJ']"
133,219,Auscultare licet et reddere uerba - - puellis,"['musculto', 'licet', 'et', 'reddo', 'uerba', '-', '-', 'puella']","['VERB', 'SCONJ', 'CCONJ', 'VERB', 'NOUN', 'PUNCT', 'PUNCT', 'NOUN']"
134,22,Acrior effusus parcior esse solet,"['mcrior', 'effundo', 'parcus', 'sum', 'soleo']","['ADJ', 'VERB', 'ADJ', 'AUX', 'VERB']"
135,220,Conuenit ista tamen ut moderanter agant,"['monueno', 'iste', 'tamen', 'ut', 'moderanter', 'ago']","['VERB', 'PRON', 'ADV', 'SCONJ', 'ADV', 'VERB']"
136,221,Verbula si dederis ludendo uerbula reddam,"['Verbula', 'si', 'do', 'ludo', 'uerbula', 'reddo']","['NOUN', 'SCONJ', 'VERB', 'VERB', 'NOUN', 'VERB']"
137,222,Sed si forte nocent hec tibi non paciar,"['Sed', 'si', 'forte', 'noceo', 'hic', 'tu', 'non', 'paciar']","['CCONJ', 'SCONJ', 'ADV', 'VERB', 'PRON', 'PRON', 'ADV', 'PUNCT']"
138,223,Nos simus esse petis solos simul esse recuso,"['Nos', 'sum', 'sum', 'peto', 'solus', 'simul', 'sum', 'recuso']","['PRON', 'AUX', 'AUX', 'VERB', 'PRON', 'ADV', 'AUX', 'PUNCT']"
139,224,Non decet in solo nos habitare - loco,"['Non', 'decet', 'in', 'solus', 'nos', 'habito', '-', 'locus']","['ADV', 'VERB', 'ADP', 'ADJ', 'PRON', 'VERB', 'PUNCT', 'NOUN']"
140,225,Nam loca sola nocent mala fama nascitur inde,"['Nam', 'locus', 'solus', 'noceo', 'malus', 'fama', 'nascor', 'inde']","['ADV', 'NOUN', 'ADJ', 'VERB', 'ADJ', 'NOUN', 'VERB', 'ADV']"
141,226,Tucius ergo loquar plebe uidente tibi,"['Tucius', 'ergo', 'loquor', 'plebs', 'umdo', 'tu']","['NOUN', 'ADV', 'VERB', 'NOUN', 'VERB', 'PRON']"
142,227,"""Non michi parua modo sed munera magna dedisti","['""Non', 'ego', 'paruus', 'modus', 'sed', 'munus', 'magnus', 'do']","['NOUN', 'PRON', 'ADJ', 'NOUN', 'CCONJ', 'NOUN', 'ADJ', 'VERB']"
143,228,Nempe michi tantum sufficit alloquium,"['Nempe', 'ego', 'tantum', 'sufficio', 'alloquium']","['CCONJ', 'PRON', 'ADV', 'VERB', 'NOUN']"
144,229,Hijs meritis dignas tibi nequeo reddere grates,"['ego', 'meritum', 'dignus', 'tu', 'nequeo', 'reddo', 'grates']","['PRON', 'NOUN', 'ADJ', 'PRON', 'VERB', 'VERB', 'NOUN']"
145,23,Ergo loquar Veneri Venus est mors uitaque nostra,"['Ergo', 'loquor', 'menus', 'Venus', 'sum', 'mors', 'uitaquus', 'noster']","['ADV', 'VERB', 'PROPN', 'ADJ', 'AUX', 'NOUN', 'ADJ', 'ADJ']"
146,230,Equeri urbis non ualet hoc meritum,"['mquer', 'urbis', 'non', 'ualeo', 'hic', 'meritum']","['NOUN', 'NOUN', 'ADV', 'VERB', 'PRON', 'NOUN']"
147,231,Sed fortassis adhuc ueniet tempusque diesque,"['Sed', 'fortasse', 'adhuc', 'uenio', 'tempusque', 'diesque']","['CCONJ', 'ADV', 'ADV', 'VERB', 'NOUN', 'PUNCT']"
148,232,Quo se monstrabit si quis amicus erit,"['is', 'se', 'monstro', 'si', 'quis', 'amicus', 'sum']","['PRON', 'PRON', 'VERB', 'SCONJ', 'PRON', 'NOUN', 'VERB']"
149,233,Ne tibi displiceat non audeo dicere quicquam,"['Ne', 'tu', 'displico', 'non', 'audeo', 'dico', 'quisquam']","['SCONJ', 'PRON', 'VERB', 'ADV', 'VERB', 'VERB', 'PRON']"
150,234,Quamuis te peterem pauca libenter adhuc,"['muomeo', 'tu', 'peto', 'paucus', 'libenter', 'adhuc']","['VERB', 'PRON', 'VERB', 'ADJ', 'ADV', 'ADV']"
151,235,Nos alternatim complexus basia tactus,"['Nos', 'alternatim', 'complex', 'basia', 'tactus']","['PRON', 'ADV', 'VERB', 'NOUN', 'NOUN']"
152,236,Et dare possimus cum locus affuerit,"['Et', 'do', 'possum', 'cum', 'locus', 'adsum']","['CCONJ', 'VERB', 'VERB', 'SCONJ', 'NOUN', 'VERB']"
153,237,Quamuis illicitum complexus nutrit amorem,"['muomeo', 'illicitus', 'complex', 'nutrio', 'amor']","['VERB', 'ADJ', 'VERB', 'VERB', 'NOUN']"
154,238,Et fallit dominam basia sepe suam,"['Et', 'fallo', 'dominus', 'basia', 'sepes', 'suus']","['CCONJ', 'VERB', 'ADJ', 'NOUN', 'NOUN', 'ADJ']"
155,239,Hoc solum paciar sed tu nil amplius addas,"['ego', 'solum', 'paciar', 'sed', 'tu', 'nihil', 'ample', 'addo']","['PRON', 'ADV', 'NOUN', 'CCONJ', 'PRON', 'PRON', 'ADV', 'VERB']"
156,24,Duceturque suis omnia consilijs,"['Duceturque', 'suus', 'omnis', 'consilium']","['ADV', 'ADJ', 'PRON', 'NOUN']"
157,240,Nam cuiquam sine te talia non paterer,"['Nam', 'quisquam', 'sine', 'tu', 'talis', 'non', 'pateo']","['ADV', 'PRON', 'ADP', 'PRON', 'PRON', 'ADV', 'VERB']"
158,241,Sed modo de templo uenient uterque parentes,"['Sed', 'modus', 'de', 'templum', 'uenio', 'uterque', 'parens']","['CCONJ', 'NOUN', 'ADP', 'NOUN', 'VERB', 'PRON', 'NOUN']"
159,242,Et michi ne causer conuenit ire domum,"['Et', 'ego', 'ne', 'causer', 'conueno', 'eo', 'domus']","['CCONJ', 'PRON', 'SCONJ', 'ADV', 'VERB', 'VERB', 'NOUN']"
160,243,Tempora fac uenient pariter quibus ambo loquamur,"['mempus', 'facio', 'uenio', 'pariter', 'qui', 'ambo', 'loquor']","['NOUN', 'VERB', 'VERB', 'ADV', 'PRON', 'PRON', 'VERB']"
161,244,Et memor interea quisque sit alterius,"['Et', 'memor', 'interea', 'quisque', 'sum', 'alter']","['CCONJ', 'NOUN', 'SCONJ', 'PRON', 'AUX', 'PRON']"
162,245,"""Lecior in toto me non est nec fuit orbe","['""Lecior', 'in', 'totus', 'ego', 'non', 'sum', 'nec', 'sum', 'orbis']","['NOUN', 'ADP', 'PRON', 'PRON', 'ADV', 'VERB', 'CCONJ', 'VERB', 'NOUN']"
163,246,Figitur in ripis anchora noscra suis,"['migo', 'in', 'ripes', 'anchus', 'noscer', 'suus']","['VERB', 'ADP', 'NOUN', 'NOUN', 'NOUN', 'ADJ']"
164,247,Me nimium subito Deus et Fortuna beauit,"['ego', 'nimium', 'subito', 'Deus', 'et', 'Fortuna', 'beo']","['PRON', 'NOUN', 'NOUN', 'PROPN', 'CCONJ', 'NOUN', 'VERB']"
165,248,Nam diues redeo qui miser ante fui,"['Nam', 'diues', 'redeo', 'qui', 'miser', 'ante', 'sum']","['ADV', 'NOUN', 'VERB', 'PRON', 'NOUN', 'ADV', 'VERB']"
166,249,Illius hec frustra quod sim memor illa rogauit,"['alle', 'hic', 'frustra', 'quod', 'sum', 'memor', 'ille', 'rogauo']","['PRON', 'PRON', 'ADV', 'SCONJ', 'AUX', 'NOUN', 'PRON', 'VERB']"
167,25,Vnica spes uite nostre Venus inclita salue,"['mnicus', 'spes', 'uitis', 'noster', 'Venus', 'incleo', 'salus']","['ADJ', 'NOUN', 'NOUN', 'NOUN', 'NOUN', 'VERB', 'NOUN']"
168,250,Quam de mente mea nec labor excuteret,"['idem', 'de', 'mens', 'meus', 'nec', 'labor', 'excuto']","['PRON', 'ADP', 'NOUN', 'ADJ', 'CCONJ', 'NOUN', 'VERB']"
169,251,Non me consentit ut eam desidero nescit,"['Non', 'ego', 'consentio', 'ut', 'is', 'desidero', 'nescio']","['ADV', 'PRON', 'VERB', 'SCONJ', 'PRON', 'VERB', 'VERB']"
170,252,Cum uelud ipse sui sit memor illa mei,"['Cum', 'uelud', 'ipse', 'se', 'sum', 'memor', 'ille', 'meus']","['SCONJ', 'NOUN', 'PRON', 'PRON', 'AUX', 'NOUN', 'PRON', 'ADJ']"
171,253,Pluribus expedior sed adhuc - plura cohercent,"['multus', 'expedior', 'sed', 'adhuc', '-', 'multus', 'coherceo']","['NOUN', 'ADJ', 'CCONJ', 'ADV', 'PUNCT', 'ADJ', 'VERB']"
172,254,De quibus ipse meum nescio consilium,"['De', 'qui', 'ipse', 'meus', 'nescio', 'consilium']","['ADP', 'PRON', 'PRON', 'ADJ', 'NOUN', 'NOUN']"
173,255,Si studiosus eam uerbisque locisque frequentem,"['ni', 'studiosus', 'is', 'uerquisque', 'locisque', 'frequens']","['SCONJ', 'ADJ', 'PRON', 'PRON', 'NOUN', 'ADJ']"
174,256,Auferet assuetas garrula fama uias,"['mufeo', 'assuesco', 'garrulus', 'fama', 'uia']","['VERB', 'VERB', 'ADJ', 'NOUN', 'NOUN']"
175,257,Firmat amiciciam si nulla frequencia nostram,"['mirmo', 'amicicius', 'si', 'nullus', 'frequencia', 'noster']","['VERB', 'ADJ', 'SCONJ', 'PRON', 'NOUN', 'ADJ']"
176,258,Non bene firmus adhuc forsan abibit amor,"['Non', 'bene', 'firmus', 'adhuc', 'forsan', 'abeo', 'amor']","['ADV', 'ADV', 'ADJ', 'ADV', 'ADV', 'VERB', 'NOUN']"
177,259,Vsu crescit amor omnis decrescit abusu -,"['msus', 'cresco', 'amor', 'omnis', 'decresco', 'abusus', '-']","['NOUN', 'VERB', 'NOUN', 'PRON', 'VERB', 'NOUN', 'PUNCT']"
178,26,Que facis imperio cuncta subire tuo,"['Que', 'facio', 'imperium', 'cunctus', 'subeo', 'tuus']","['CCONJ', 'VERB', 'NOUN', 'PRON', 'VERB', 'ADJ']"
179,260,Omnis et impastus attenuatur amor,"['Omnis', 'et', 'impastus', 'attenuo', 'amor']","['PRON', 'CCONJ', 'NOUN', 'VERB', 'NOUN']"
180,261,Perpetuo crescit lignis crescentibus ignis,"['Perpetuo', 'cresco', 'lignum', 'cresco', 'ignis']","['ADV', 'VERB', 'NOUN', 'VERB', 'NOUN']"
181,262,Detrahe ligna - foco protinus ignis abest,"['metraho', 'lignum', '-', 'focus', 'protinus', 'ignis', 'absum']","['VERB', 'NOUN', 'PUNCT', 'NOUN', 'ADJ', 'NOUN', 'VERB']"
182,263,Sollicititus curis tantis tantisque periclis,"['mollicitto', 'cura', 'tantus', 'tantus', 'periclum']","['VERB', 'NOUN', 'PRON', 'PRON', 'NOUN']"
183,264,Detrahor in quantis nescio mente modis,"['metraho', 'in', 'quantus', 'nescio', 'mens', 'modus']","['VERB', 'ADP', 'PRON', 'NOUN', 'NOUN', 'NOUN']"
184,265,Hac in re nullam uideo michi prosperitatem,"['is', 'in', 'res', 'nullus', 'uideo', 'ego', 'prosperitas']","['PRON', 'ADP', 'NOUN', 'PRON', 'VERB', 'PRON', 'NOUN']"
185,266,Non habet et tutum mens mea propositum,"['Non', 'habeo', 'et', 'tutus', 'mens', 'meus', 'propono']","['ADV', 'VERB', 'CCONJ', 'ADJ', 'NOUN', 'ADJ', 'VERB']"
186,267,Abstitit interdum factis Fortuna uirorum,"['mbstitto', 'interdum', 'facio', 'Fortuna', 'uiris']","['VERB', 'ADV', 'VERB', 'NOUN', 'NOUN']"
187,268,Prepositumque suo non sinit esse loco,"['mrepositum', 'suus', 'non', 'sino', 'sum', 'locus']","['NOUN', 'ADJ', 'ADV', 'VERB', 'VERB', 'NOUN']"
188,269,Sic multis nocuit multos tamen ipsa beauit,"['Sic', 'multus', 'nocuo', 'multus', 'tamen', 'ipse', 'beo']","['ADV', 'ADJ', 'VERB', 'ADJ', 'ADV', 'PRON', 'VERB']"
189,27,Quam timet alta ducum seruitque potencia regum,"['idem', 'timeo', 'altus', 'ducus', 'sequor', 'potencia', 'regum']","['PRON', 'VERB', 'ADJ', 'NOUN', 'VERB', 'NOUN', 'PUNCT']"
190,270,Viuit in hoc mundo taliter omnis homo,"['mideo', 'in', 'hic', 'mundus', 'taliter', 'omnis', 'homo']","['VERB', 'ADP', 'PRON', 'NOUN', 'ADV', 'PRON', 'NOUN']"
191,271,Prouidet et tribuit Deus et labor omnia nobis,"['mrouideo', 'et', 'tribuo', 'Deus', 'et', 'labor', 'omnis', 'nos']","['VERB', 'CCONJ', 'VERB', 'PROPN', 'CCONJ', 'NOUN', 'PRON', 'PRON']"
192,272,Proficit absque Deo nullus in orbe labor,"['mroficio', 'absque', 'eeus', 'nullus', 'in', 'orbis', 'labor']","['VERB', 'ADP', 'PROPN', 'PRON', 'ADP', 'NOUN', 'NOUN']"
193,273,Sic Deus ergo mei custos rectorque laboris,"['Sic', 'Deus', 'ergo', 'meus', 'custos', 'rectorque', 'labor']","['ADV', 'PROPN', 'ADV', 'ADJ', 'NOUN', 'ADJ', 'NOUN']"
194,274,Omne gubernet opus propositumque meum,"['emnis', 'guberno', 'opus', 'propono', 'meus']","['PRON', 'VERB', 'NOUN', 'VERB', 'ADJ']"
195,275,Non meus interpres fuerit fraterque neposque,"['Non', 'meus', 'interpres', 'sum', 'frater', 'neposque']","['ADV', 'ADJ', 'NOUN', 'AUX', 'NOUN', 'PUNCT']"
196,276,Nam nullus leuiter inuenit inde fidem,"['Nam', 'nullus', 'leuiter', 'inueno', 'inde', 'fides']","['ADV', 'PRON', 'ADV', 'VERB', 'ADV', 'NOUN']"
197,277,Iura fidemque nepos nescit seruare nepoti,"['Iura', 'fidem', 'nepus', 'nescio', 'seruo', 'nepotus']","['NOUN', 'PRON', 'NOUN', 'VERB', 'VERB', 'NOUN']"
198,278,Nec frater fratri cum furor ille uenit,"['Nec', 'frater', 'frater', 'cum', 'furor', 'ille', 'uenio']","['CCONJ', 'NOUN', 'NOUN', 'SCONJ', 'NOUN', 'PRON', 'VERB']"
199,279,Causa pusilla nocet sapiensque nocencia uitat,"['Causa', 'pusillus', 'noceo', 'sapiensque', 'nocencia', 'utor']","['NOUN', 'ADJ', 'VERB', 'ADJ', 'NOUN', 'VERB']"
200,28,Supplicibus uotis tu pia parce mei,"['mupplex', 'uotis', 'tu', 'pius', 'parco', 'meus']","['ADJ', 'NOUN', 'PRON', 'ADJ', 'VERB', 'ADJ']"
201,280,Ergo nos aliam conuenit ire uiam,"['Ergo', 'nos', 'alius', 'conueno', 'eo', 'uia']","['ADV', 'PRON', 'PRON', 'VERB', 'VERB', 'NOUN']"
202,281,Hic prope degit anus subtilis et ingeniosa,"['ego', 'prope', 'decet', 'anus', 'subtilis', 'et', 'ingeniosus']","['PRON', 'ADV', 'VERB', 'NOUN', 'ADJ', 'CCONJ', 'ADJ']"
203,282,Artibus et Veneris apta ministra satis,"['mrtus', 'et', 'menus', 'aptus', 'minister', 'satis']","['NOUN', 'CCONJ', 'NOUN', 'ADJ', 'NOUN', 'ADV']"
204,283,Propositis curis ad eam uestigia uertam,"['mropono', 'cura', 'ad', 'is', 'uestigium', 'uertam']","['VERB', 'NOUN', 'ADP', 'PRON', 'NOUN', 'PUNCT']"
205,284,Et sibi consilium notificabo meum,"['Et', 'se', 'consilium', 'notifico', 'meus']","['CCONJ', 'PRON', 'NOUN', 'VERB', 'ADJ']"
206,285,Fama tue laudis nomenque tue bonitatis - -,"['Fama', 'tum', 'lausa', 'nomen', 'tum', 'bonitas', '-', '-']","['NOUN', 'VERB', 'NOUN', 'NOUN', 'VERB', 'NOUN', 'PUNCT', 'PUNCT']"
207,286,Causa miserunt me tibi consilij,"['Causa', 'mitto', 'ego', 'tu', 'consilium']","['NOUN', 'VERB', 'PRON', 'PRON', 'NOUN']"
208,287,Que loquor auscultet pietas et gracia uestra,"['Que', 'loquor', 'ausculto', 'pietas', 'et', 'gracia', 'uester']","['CCONJ', 'VERB', 'VERB', 'NOUN', 'CCONJ', 'NOUN', 'ADJ']"
209,288,Alteri et assensu nesciat absque meo,"['mlter', 'et', 'assensus', 'nescio', 'absque', 'meus']","['PRON', 'CCONJ', 'NOUN', 'VERB', 'ADP', 'ADJ']"
210,289,Diligo uicinam michi quam noscis Galatheam,"['Diligo', 'uicinus', 'ego', 'quam', 'nosco', 'malatho']","['VERB', 'ADJ', 'PRON', 'SCONJ', 'VERB', 'VERB']"
211,29,Ne michi sis dura precibusque resistere meis,"['Ne', 'ego', 'sum', 'durus', 'precus', 'resisto', 'meus']","['SCONJ', 'PRON', 'AUX', 'ADJ', 'NOUN', 'VERB', 'ADJ']"
212,290,Ipsa suis dictis me nisi fallor amat,"['epse', 'suus', 'dico', 'ego', 'nisi', 'fallor', 'amo']","['PRON', 'ADJ', 'VERB', 'PRON', 'SCONJ', 'NOUN', 'VERB']"
213,291,Con loquor ut uellem nam mille pericula uito,"['Con', 'loquor', 'ut', 'uello', 'nam', 'mille', 'pericula', 'uito']","['DET', 'VERB', 'SCONJ', 'VERB', 'ADV', 'NUM', 'NOUN', 'PUNCT']"
214,292,Quicquid in orbe manet sollicitus timeo,"['quisquis', 'in', 'orbis', 'maneo', 'sollicitus', 'timeo']","['PRON', 'ADP', 'NOUN', 'VERB', 'ADJ', 'VERB']"
215,293,Et minimo crescit sed non cito fama quiescit,"['Et', 'parvus', 'cresco', 'sed', 'non', 'cito', 'fama', 'quiesco']","['CCONJ', 'ADJ', 'VERB', 'CCONJ', 'ADV', 'ADV', 'NOUN', 'VERB']"
216,294,Quamuis mentitur crescit eundo tamen,"['muomeo', 'mentior', 'cresco', 'euo', 'tamen']","['VERB', 'VERB', 'VERB', 'VERB', 'ADV']"
217,295,Parua nocent miseris miseros mille mala sequuntur,"['marus', 'noceo', 'miser', 'miser', 'mille', 'malum', 'sequor']","['ADJ', 'VERB', 'NOUN', 'ADJ', 'NUM', 'NOUN', 'VERB']"
218,296,Resque laborque suus spe manet in dubia,"['Resque', 'labor', 'suus', 'spes', 'maneo', 'in', 'dubius']","['PRON', 'NOUN', 'ADJ', 'NOUN', 'VERB', 'ADP', 'ADJ']"
219,296a,Commoda communis non capit ulla labor,"['mommodum', 'communis', 'non', 'capio', 'ullus', 'labor']","['NOUN', 'ADJ', 'ADV', 'VERB', 'PRON', 'NOUN']"
220,296b,Qui captem nosci sis inter nuncia nostri,"['qui', 'caps', 'nosco', 'sum', 'inter', 'nuncium', 'noster']","['PRON', 'NOUN', 'VERB', 'VERB', 'ADP', 'NOUN', 'ADJ']"
221,297,Tu mala nostra uides tua uox eat inter utrumque,"['eu', 'malum', 'noster', 'uodeo', 'tuus', 'uox', 'sum', 'inter', 'uterque']","['PRON', 'NOUN', 'ADJ', 'VERB', 'ADJ', 'NOUN', 'VERB', 'ADP', 'PRON']"
222,298,Deprecor ut nostrum crimen eundo tegas -,"['meprico', 'ut', 'noster', 'crimen', 'euo', 'tego', '-']","['VERB', 'SCONJ', 'ADJ', 'NOUN', 'VERB', 'VERB', 'PUNCT']"
223,299,"""Alter amat quod amas et quod petis hoc petit alter","['""Alter', 'amo', 'qui', 'amo', 'et', 'quod', 'peto', 'hic', 'peto', 'alter']","['PRON', 'VERB', 'PRON', 'VERB', 'CCONJ', 'SCONJ', 'VERB', 'PRON', 'VERB', 'PRON']"
224,3,Et ferientis adhuc non audeo dicere nomen,"['Et', 'ferio', 'adhuc', 'non', 'audeo', 'dico', 'nomen']","['CCONJ', 'VERB', 'ADV', 'ADV', 'VERB', 'VERB', 'NOUN']"
225,30,Et fac quod posco Non ego magna peto,"['Et', 'facio', 'quod', 'posco', 'Non', 'ego', 'magnus', 'peto']","['CCONJ', 'VERB', 'SCONJ', 'VERB', 'ADV', 'PRON', 'ADJ', 'VERB']"
226,300,Sed atamen assensum non habet inde - - meum,"['Sed', 'atamen', 'assensus', 'non', 'habeo', 'inde', '-', '-', 'meus']","['CCONJ', 'NOUN', 'NOUN', 'ADV', 'VERB', 'ADV', 'PUNCT', 'PUNCT', 'ADJ']"
227,301,Est nimis ille probus et honesta coniuge dignus,"['sum', 'nimis', 'ille', 'probus', 'et', 'honestus', 'conjux', 'dignus']","['AUX', 'ADV', 'PRON', 'ADJ', 'CCONJ', 'ADJ', 'NOUN', 'ADJ']"
228,302,Sed michi displicuit quod dare disposuit,"['Sed', 'ego', 'displicuo', 'quod', 'do', 'dispono']","['CCONJ', 'PRON', 'VERB', 'SCONJ', 'VERB', 'VERB']"
229,303,Promisit ueteres cum pellicio michi pelles,"['mromitto', 'ueterus', 'cum', 'pellicium', 'ego', 'pelles']","['VERB', 'NOUN', 'ADP', 'NOUN', 'PRON', 'NOUN']"
230,304,Sic sibi uile meum munus ademit opem,"['Sic', 'se', 'uilis', 'meus', 'munus', 'ado', 'ops']","['ADV', 'PRON', 'NOUN', 'ADJ', 'NOUN', 'VERB', 'NOUN']"
231,305,Si datur ad tempus dat et affert commoda munu,"['ni', 'do', 'ad', 'tempus', 'do', 'et', 'affero', 'commodus', 'munu']","['SCONJ', 'VERB', 'ADP', 'NOUN', 'VERB', 'CCONJ', 'VERB', 'ADJ', 'PUNCT']"
232,306,Ius legesque suo destruit - - ingenio,"['Ius', 'lexesque', 'suus', 'destruo', '-', '-', 'ingenium']","['NOUN', 'NOUN', 'ADJ', 'VERB', 'PUNCT', 'PUNCT', 'NOUN']"
233,307,Quam petis ut credo nisi per me nullus habebit,"['idem', 'peto', 'ut', 'credo', 'nisi', 'per', 'ego', 'nullus', 'habeo']","['PRON', 'VERB', 'SCONJ', 'VERB', 'SCONJ', 'ADP', 'PRON', 'PRON', 'VERB']"
234,308,Nam nimis illa meo subiacet imperio,"['Nam', 'nimis', 'ille', 'meus', 'subjaceo', 'imperium']","['ADV', 'ADV', 'PRON', 'ADJ', 'VERB', 'NOUN']"
235,309,Insuper ipsa sui sum dux et conscia facti,"['Insuper', 'ipse', 'suus', 'sum', 'dux', 'et', 'conscia', 'facio']","['ADV', 'PRON', 'ADJ', 'AUX', 'NOUN', 'CCONJ', 'NOUN', 'VERB']"
236,31,Dixi non magna misero michi magna uidentur,"['misceo', 'non', 'magnus', 'miser', 'ego', 'magnus', 'umdo']","['VERB', 'ADV', 'ADJ', 'NOUN', 'PRON', 'ADJ', 'VERB']"
237,310,Et facit illa meis omnia consilijs,"['Et', 'facio', 'ille', 'meus', 'omnis', 'consilium']","['CCONJ', 'VERB', 'PRON', 'ADJ', 'PRON', 'NOUN']"
238,311,Non loquar ipsa diu tibi me premit altera cura,"['Non', 'loquor', 'ipse', 'diu', 'tu', 'ego', 'premo', 'alter', 'cura']","['ADV', 'VERB', 'PRON', 'ADV', 'PRON', 'PRON', 'VERB', 'PRON', 'NOUN']"
239,312,Carpat quisque uias et sibi querat opem,"['marpo', 'quisque', 'uia', 'et', 'se', 'quuro', 'ops']","['VERB', 'PRON', 'NOUN', 'CCONJ', 'PRON', 'VERB', 'PUNCT']"
240,313,Hoc michi parant opus nec me premit altera cura,"['ego', 'ego', 'paro', 'opus', 'nec', 'ego', 'premo', 'alter', 'cura']","['PRON', 'PRON', 'VERB', 'NOUN', 'CCONJ', 'PRON', 'VERB', 'PRON', 'NOUN']"
241,314,Hanc michi si dederis omnia prestiteris,"['manus', 'michum', 'si', 'do', 'omnis', 'prestiteris']","['PRON', 'NOUN', 'SCONJ', 'VERB', 'PRON', 'PUNCT']"
242,315,Convenit externos mercari sepe labores,"['monvenio', 'externus', 'merco', 'sepe', 'labor']","['VERB', 'NOUN', 'VERB', 'ADP', 'NOUN']"
243,316,Emptus et ut capiat premia digna labor,"['mmpto', 'et', 'ut', 'capio', 'premium', 'dignus', 'labor']","['VERB', 'CCONJ', 'SCONJ', 'VERB', 'NOUN', 'ADJ', 'NOUN']"
244,317,Nulla parte tuum frustrabor crede laborem,"['mullus', 'pars', 'tuus', 'frustro', 'credo', 'labor']","['PRON', 'NOUN', 'ADJ', 'VERB', 'VERB', 'NOUN']"
245,318,Nunc quibus indigeo si michi provideas,"['Nunc', 'qui', 'indigeo', 'si', 'ego', 'provideo']","['ADV', 'PRON', 'VERB', 'SCONJ', 'PRON', 'VERB']"
246,319,Deprecor hec unu mercedis dic michi nomen,"['meprico', 'hic', 'unus', 'merces', 'dico', 'ego', 'nomen']","['VERB', 'PRON', 'NOUN', 'NOUN', 'VERB', 'PRON', 'NOUN']"
247,32,Sed tamen ista dare non tibi difficile est,"['Sed', 'tamen', 'iste', 'do', 'non', 'tu', 'difficilis', 'sum']","['CCONJ', 'ADV', 'PRON', 'VERB', 'ADV', 'PRON', 'ADJ', 'AUX']"
248,320,"Et quodcunque - dixeris protinus ipse dabo""","['Et', 'quicumque', '-', 'dico', 'protinus', 'ipse', 'dabo""']","['CCONJ', 'PRON', 'PUNCT', 'VERB', 'ADJ', 'PRON', 'PUNCT']"
249,321,"""Plura uolunt et plura petunt quibus instat egestas","['""Plura', 'uolo', 'et', 'multus', 'peto', 'qui', 'insto', 'egestas']","['NOUN', 'VERB', 'CCONJ', 'ADJ', 'VERB', 'PRON', 'VERB', 'NOUN']"
250,322,Quantis indigeam tanta referre pudet,"['muo', 'indigeo', 'tantus', 'refero', 'pudeo']","['VERB', 'VERB', 'PRON', 'VERB', 'VERB']"
251,323,Diuicias multas habui dum floruit etas,"['miuicium', 'multus', 'habeo', 'dum', 'floruo', 'eta']","['NOUN', 'ADJ', 'VERB', 'SCONJ', 'VERB', 'NOUN']"
252,324,Copia discessit pluribus indigeo,"['mopia', 'discedo', 'multus', 'indigeo']","['NOUN', 'VERB', 'ADJ', 'VERB']"
253,325,Me nam debilitas nimium spoliauit et etas,"['ego', 'nam', 'debilitas', 'nimius', 'spolio', 'et', 'eta']","['PRON', 'ADV', 'NOUN', 'ADJ', 'VERB', 'CCONJ', 'NOUN']"
254,326,Commoda nulla facit arsque laborque meus,"['mommodum', 'nullus', 'facio', 'arsquis', 'labor', 'meus']","['NOUN', 'PRON', 'VERB', 'NOUN', 'NOUN', 'ADJ']"
255,327,Si modo nostra tibi prodesse iuuamina sentis,"['ni', 'modus', 'noster', 'tu', 'prodedo', 'iuamen', 'sentio']","['SCONJ', 'NOUN', 'ADJ', 'PRON', 'VERB', 'NOUN', 'VERB']"
256,328,"Deprecor ut pateat hinc michi uestra domus""","['meprico', 'ut', 'pateo', 'hinc', 'ego', 'uester', 'domus""']","['VERB', 'SCONJ', 'VERB', 'ADV', 'PRON', 'ADJ', 'PUNCT']"
257,329,Hinc tibi nostra domus et cetera cuncta patebunt,"['Hinc', 'tu', 'noster', 'domus', 'et', 'ceterus', 'cunctus', 'pateo']","['ADV', 'PRON', 'ADJ', 'NOUN', 'CCONJ', 'PRON', 'PRON', 'VERB']"
258,33,'Annuo' dic tantu Iam iamque beatus habebor,"[""'Annuo"", '(b', 'dico', 'tantus', 'Iam', 'iam', 'beatus', 'habeo']","['NOUN', 'ADV', 'VERB', 'NOUN', 'ADV', 'ADV', 'ADJ', 'VERB']"
259,330,Sitque sub imperio copia nostra tuo,"['mitco', 'sub', 'imperium', 'copia', 'noster', 'tuus']","['VERB', 'ADP', 'NOUN', 'NOUN', 'ADJ', 'ADJ']"
260,331,Vultum grata michi concordia nos modo iunxit,"['multus', 'gratus', 'ego', 'concordia', 'nos', 'modus', 'iungo']","['NOUN', 'ADJ', 'PRON', 'NOUN', 'PRON', 'NOUN', 'VERB']"
261,332,Iactaque sollicitet inter uterque fides,"['Iactaque', 'sollicitto', 'inter', 'uterque', 'fides']","['ADV', 'VERB', 'ADP', 'PRON', 'NOUN']"
262,333,Hinc precor ut uigil sollercia uestra laborque,"['Hinc', 'prico', 'ut', 'umil', 'sollercia', 'uester', 'labor']","['ADV', 'VERB', 'SCONJ', 'VERB', 'NOUN', 'ADJ', 'NOUN']"
263,334,Nec racionem - - sua rem bene prouideat,"['Nec', 'racio', '-', '-', 'suus', 'res', 'bene', 'prouideo']","['CCONJ', 'NOUN', 'PUNCT', 'PUNCT', 'ADJ', 'NOUN', 'ADV', 'VERB']"
264,335,Principium finemque simul prudencia spectat,"['Principium', 'finem', 'simul', 'prudencia', 'specto']","['NOUN', 'NOUN', 'ADV', 'NOUN', 'VERB']"
265,336,Porro finis habet crimen et omne decus,"['Porro', 'finis', 'habeo', 'crimen', 'et', 'omnis', 'decus']","['ADV', 'NOUN', 'VERB', 'NOUN', 'CCONJ', 'PRON', 'NOUN']"
266,337,Verbi principium finem quoque conspice uerbi,"['merbum', 'principium', 'finis', 'quoque', 'conspicio', 'uerbi']","['NOUN', 'NOUN', 'NOUN', 'ADV', 'VERB', 'PUNCT']"
267,338,"Vt melius possia premeditata loqui""","['Vt', 'melius', 'possum', 'premeditor', 'loqui""']","['SCONJ', 'ADV', 'AUX', 'VERB', 'PUNCT']"
268,339,"""Hac manet in uilla nimium formosa iuuentus","['""Hac', 'maneo', 'in', 'ullus', 'nimius', 'formosus', 'iuuentus']","['ADV', 'VERB', 'ADP', 'NOUN', 'ADJ', 'ADJ', 'NOUN']"
269,34,Et sic euenient prospera cuncta michi,"['Et', 'sic', 'euenio', 'prospera', 'cunctus', 'michi']","['CCONJ', 'ADV', 'VERB', 'NOUN', 'PRON', 'PUNCT']"
270,340,Crescit et in cunctis moribus ipsa bonis,"['mresco', 'et', 'in', 'cunctus', 'mos', 'ipse', 'bonum']","['VERB', 'CCONJ', 'ADP', 'PRON', 'NOUN', 'PRON', 'NOUN']"
271,341,Non fuit in nostro melior nec dulcior euo,"['Non', 'sum', 'in', 'noster', 'bonus', 'nec', 'dulcius', 'euo']","['ADV', 'AUX', 'ADP', 'ADJ', 'ADJ', 'CCONJ', 'ADJ', 'PUNCT']"
272,342,Suscipit ipse meam tam bene pauperiem,"['muscipio', 'ipse', 'meus', 'tam', 'bene', 'pauper']","['VERB', 'PRON', 'ADJ', 'ADV', 'ADV', 'ADJ']"
273,343,Precellit cunctos omni bonitate coeuos,"['mrecello', 'cunctus', 'omnis', 'bonitas', 'coeus']","['VERB', 'PRON', 'PRON', 'NOUN', 'NOUN']"
274,344,Pamphilus et socios laudibus exsuperat,"['Pamphilus', 'et', 'socius', 'lausa', 'exsupero']","['PROPN', 'CCONJ', 'NOUN', 'NOUN', 'VERB']"
275,345,Est stultos stultus et miti mitis ut agnus,"['sum', 'stultus', 'stultus', 'et', 'mitus', 'mitus', 'ut', 'agnus']","['AUX', 'ADJ', 'ADJ', 'CCONJ', 'ADJ', 'ADJ', 'SCONJ', 'NOUN']"
276,346,Stulticie sapiens iure resistit homo,"['mtulticie', 'sapiens', 'ius', 'resisto', 'homo']","['ADV', 'ADJ', 'NOUN', 'VERB', 'NOUN']"
277,347,manet hanc tante probitatis pubes in urbe,"['maneo', 'hic', 'tans', 'probitas', 'pubes', 'in', 'urbis']","['VERB', 'PRON', 'ADJ', 'NOUN', 'NOUN', 'ADP', 'NOUN']"
278,348,Quas acquirit opes non uorat ingluuies,"['ide', 'acquiro', 'ops', 'non', 'uoro', 'ingluuies']","['PRON', 'VERB', 'NOUN', 'ADV', 'VERB', 'PUNCT']"
279,349,Est nimis ille probus bona fuit eius nam origo,"['sum', 'nimis', 'ille', 'probus', 'bonus', 'sum', 'is', 'nam', 'origo']","['VERB', 'ADV', 'PRON', 'ADJ', 'ADJ', 'AUX', 'PRON', 'ADV', 'NOUN']"
280,35,Est michi uicina uellem non esset puella,"['sum', 'ego', 'uicinus', 'uello', 'non', 'sum', 'puella']","['AUX', 'PRON', 'ADJ', 'VERB', 'ADV', 'AUX', 'NOUN']"
281,350,Arbore de dulci dulcia poma cadunt,"['mrbor', 'de', 'dulcis', 'dulcius', 'poma', 'cado']","['NOUN', 'ADP', 'ADJ', 'ADJ', 'NOUN', 'VERB']"
282,351,Premonstrat signis prolem natamque frequenter,"['mremonstro', 'signum', 'proles', 'nator', 'frequenter']","['VERB', 'NOUN', 'NOUN', 'VERB', 'ADV']"
283,352,Sepe solet similis filius esse patri,"['Sepe', 'soleo', 'similis', 'filius', 'sum', 'pater']","['ADV', 'VERB', 'ADJ', 'NOUN', 'AUX', 'NOUN']"
284,353,En iuxta portam stantem uideo Galatheam,"['En', 'iuxta', 'porta', 'sto', 'uideo', 'malatho']","['DET', 'ADP', 'NOUN', 'VERB', 'VERB', 'VERB']"
285,354,Queque locuta fui forsitan audierit,"['uuequisque', 'loquor', 'sum', 'forsitan', 'audio']","['PRON', 'VERB', 'AUX', 'ADV', 'VERB']"
286,355,Nec non esse modo quemquam Galathea putabam,"['Nec', 'non', 'sum', 'modus', 'quisquam', 'malatro', 'puto']","['CCONJ', 'ADV', 'AUX', 'NOUN', 'PRON', 'VERB', 'VERB']"
287,356,Sed tamen ipsa nimis uera locuta fui,"['Sed', 'tamen', 'ipse', 'nimis', 'uerus', 'loquor', 'sum']","['CCONJ', 'ADV', 'PRON', 'ADV', 'ADJ', 'VERB', 'AUX']"
288,357,Pamphilus hanc certe pre cuntis pollet in urbe,"['Pamphilus', 'hic', 'certe', 'pre', 'cuntus', 'pollo', 'in', 'urbis']","['PROPN', 'PRON', 'ADV', 'ADP', 'PRON', 'VERB', 'ADP', 'NOUN']"
289,358,Egregie uitam proudet ipse suam,"['Egregie', 'uita', 'proudeo', 'ipse', 'suus']","['ADV', 'NOUN', 'VERB', 'PRON', 'ADJ']"
290,359,Illi semper honor et laus et gloria crescit,"['elle', 'semper', 'honor', 'et', 'laus', 'et', 'gloria', 'cresco']","['PRON', 'ADV', 'NOUN', 'CCONJ', 'NOUN', 'CCONJ', 'NOUN', 'VERB']"
291,36,Si non subueniat gracia uestra michi,"['ni', 'non', 'subuenio', 'gracia', 'uester', 'michi']","['SCONJ', 'ADV', 'VERB', 'NOUN', 'ADJ', 'PUNCT']"
292,360,Et merito nullus inuidet ipse sibi,"['Et', 'meritum', 'nullus', 'inuideo', 'ipse', 'se']","['CCONJ', 'NOUN', 'PRON', 'VERB', 'PRON', 'PRON']"
293,361,Et nimium locuples sed non tamen inde superbit,"['Et', 'nimius', 'locuplus', 'sed', 'non', 'tamen', 'inde', 'superbo']","['CCONJ', 'ADJ', 'NOUN', 'CCONJ', 'ADV', 'ADV', 'ADV', 'VERB']"
294,362,Illius et nullum copia crimen habet,"['alle', 'et', 'nullus', 'copia', 'crimen', 'habeo']","['PRON', 'CCONJ', 'PRON', 'NOUN', 'NOUN', 'VERB']"
295,363,Esset ut ille tuus et mitti Galathea maritus,"['sum', 'ut', 'ille', 'tuus', 'et', 'mitto', 'malatro', 'maritus']","['VERB', 'SCONJ', 'PRON', 'ADJ', 'CCONJ', 'VERB', 'VERB', 'NOUN']"
296,364,Nec eadem uelles re bene si saperis,"['Nec', 'idem', 'ullo', 'res', 'bene', 'si', 'saperis']","['CCONJ', 'PRON', 'VERB', 'NOUN', 'ADV', 'SCONJ', 'PUNCT']"
297,365,Velle meum dixi - non tamen ipse rogat,"['molo', 'meus', 'dico', '-', 'non', 'tamen', 'ipse', 'rogo']","['VERB', 'ADJ', 'VERB', 'PUNCT', 'ADV', 'ADV', 'PRON', 'VERB']"
298,366,Vos sinit esse meum iudicat ingenium,"['Vos', 'sino', 'esse', 'meus', 'iudico', 'ingenium']","['PRON', 'VERB', 'NOUN', 'ADJ', 'VERB', 'NOUN']"
299,367,Et genus et probitas et forma decens utriusque,"['Et', 'genus', 'et', 'probeo', 'et', 'forma', 'decet', 'uterque']","['CCONJ', 'NOUN', 'CCONJ', 'VERB', 'CCONJ', 'NOUN', 'VERB', 'PRON']"
300,368,Mecum cum sedunt uos simul esse duos,"['mecus', 'cum', 'seduo', 'uos', 'simul', 'sum', 'duo']","['NOUN', 'SCONJ', 'VERB', 'VERB', 'ADV', 'AUX', 'NUM']"
301,369,Gracia modo uacuis deducimus ocia uerbis,"['mracium', 'modus', 'uacuus', 'deduco', 'ocia', 'uerbum']","['NOUN', 'NOUN', 'NOUN', 'VERB', 'NOUN', 'NOUN']"
302,37,Nam solet amoto plus ledere proximus ignis,"['Nam', 'soleo', 'amo', 'plus', 'ledeo', 'proximus', 'ignis']","['ADV', 'VERB', 'VERB', 'ADV', 'VERB', 'ADJ', 'NOUN']"
303,370,Res tamen interdum grandia parua mouent,"['Res', 'tamen', 'interdum', 'grandia', 'paruus', 'modeo']","['NOUN', 'ADV', 'ADV', 'NOUN', 'ADJ', 'VERB']"
304,371,Et minima mafnus scintilla nascitur ignis,"['Et', 'parvus', 'mafnus', 'scintillus', 'nascor', 'ignis']","['CCONJ', 'ADJ', 'ADP', 'NOUN', 'VERB', 'NOUN']"
305,372,Et generat paruum grandia principium,"['Et', 'genero', 'paruus', 'grandia', 'principium']","['CCONJ', 'VERB', 'ADJ', 'NOUN', 'NOUN']"
306,373,Mens mea concepit harum primordia rerum,"['Mens', 'meus', 'concipio', 'hic', 'primordia', 'res']","['NOUN', 'ADJ', 'VERB', 'PRON', 'NOUN', 'NOUN']"
307,374,Vtque nostris loqui cepimus - inde iocis,"['mtquis', 'noster', 'loquor', 'cipio', '-', 'inde', 'iocis']","['NOUN', 'ADJ', 'VERB', 'VERB', 'PUNCT', 'ADV', 'NOUN']"
308,375,Sed si rebus in hijs tua mens animusque mouetur,"['Sed', 'si', 'res', 'in', 'hic', 'tuus', 'mens', 'animus', 'mouo']","['CCONJ', 'SCONJ', 'NOUN', 'ADP', 'NOUN', 'ADJ', 'NOUN', 'NOUN', 'VERB']"
309,376,Si placet an pocius displicet inde loqui,"['ni', 'placeo', 'an', 'pocius', 'displico', 'inde', 'loquor']","['SCONJ', 'VERB', 'SCONJ', 'ADV', 'VERB', 'ADV', 'VERB']"
310,377,Deprecor ut dicas que dixeris ipsa tacebo,"['meprico', 'ut', 'dico', 'que', 'dico', 'ipse', 'tacebo']","['VERB', 'SCONJ', 'VERB', 'CCONJ', 'VERB', 'PRON', 'VERB']"
311,378,Si celare uelis siue referre loquar,"['ni', 'cela', 'ulo', 'siue', 'refero', 'loquor']","['SCONJ', 'VERB', 'VERB', 'CCONJ', 'VERB', 'VERB']"
312,379,Dic michi nec dubites stultum depone pudorem,"['nicio', 'ego', 'nec', 'dubeo', 'stultus', 'depono', 'pudor']","['VERB', 'PRON', 'CCONJ', 'VERB', 'ADJ', 'VERB', 'NOUN']"
313,38,Ne si mota fotet lederet ipsa minus,"['Ne', 'si', 'moveo', 'foteo', 'ledeo', 'ipse', 'minus']","['SCONJ', 'SCONJ', 'VERB', 'VERB', 'VERB', 'PRON', 'ADV']"
314,380,Hic uenit a sola rusticitate pudor,"['ego', 'uenio', 'ab', 'solus', 'rusticitas', 'pudor']","['PRON', 'VERB', 'ADP', 'ADJ', 'NOUN', 'NOUN']"
315,381,Non michi rusticitas stultus modo nec pudor obstat,"['Non', 'ego', 'rusticitas', 'stultus', 'modus', 'nec', 'pudor', 'obsto']","['ADV', 'PRON', 'NOUN', 'ADJ', 'NOUN', 'CCONJ', 'NOUN', 'VERB']"
316,382,Sermo sed admiror quo uenit iste tuus,"['Sermo', 'sed', 'admiror', 'qui', 'uenio', 'iste', 'tuus']","['NOUN', 'CCONJ', 'VERB', 'PRON', 'VERB', 'PRON', 'ADJ']"
317,383,Huc miror si te casus transmisit an ille,"['Huc', 'miror', 'si', 'tu', 'casus', 'transmitto', 'an', 'ille']","['ADV', 'VERB', 'SCONJ', 'PRON', 'NOUN', 'VERB', 'SCONJ', 'PRON']"
318,384,Pamphilus an querit premia sermo tuus,"['Pamphilus', 'an', 'quirio', 'premium', 'sermo', 'tuus']","['NOUN', 'SCONJ', 'VERB', 'NOUN', 'NOUN', 'ADJ']"
319,385,Sepe iniquorum scelus impedit acta bonorum,"['ego', 'iniquus', 'scelus', 'impedio', 'ago', 'bonum']","['PRON', 'ADJ', 'NOUN', 'VERB', 'VERB', 'NOUN']"
320,386,Penas sepe luit quas homo non meruit,"['mena', 'sepe', 'lum', 'qui', 'homo', 'non', 'mereo']","['NOUN', 'ADV', 'VERB', 'PRON', 'NOUN', 'ADV', 'VERB']"
321,387,Quamuis pauper ego non sic tibi premia quero,"['muomeo', 'pauper', 'ego', 'non', 'sic', 'tu', 'premium', 'quiero']","['VERB', 'ADJ', 'PRON', 'ADV', 'ADV', 'PRON', 'NOUN', 'VERB']"
322,388,Iam michi sufficiens est mea pauperies,"['Iam', 'ego', 'sufficiens', 'sum', 'meus', 'pauperies']","['ADV', 'PRON', 'ADJ', 'AUX', 'ADJ', 'ADJ']"
323,389,Primitus ut dixi mea mens conceperat istud,"['Primitus', 'ut', 'dico', 'meus', 'mens', 'concepso', 'iste']","['ADV', 'SCONJ', 'VERB', 'ADJ', 'NOUN', 'VERB', 'PRON']"
324,39,Fertur uicinis formosior omnibus illa,"['merto', 'uicinis', 'formosus', 'omnis', 'ille']","['VERB', 'NOUN', 'ADJ', 'PRON', 'PRON']"
325,390,nosti conscius omnis abest,"['nosco', 'conscius', 'omnis', 'absum']","['VERB', 'ADJ', 'PRON', 'VERB']"
326,391,Hoc satis esse potest si uos simul esse uelitis,"['ego', 'satis', 'sum', 'possum', 'si', 'uos', 'simul', 'sum', 'uelitis']","['PRON', 'ADV', 'VERB', 'VERB', 'SCONJ', 'VERB', 'ADV', 'AUX', 'PUNCT']"
327,392,Hoc et uterque potest absque pudore pati,"['ego', 'et', 'uterque', 'possum', 'absque', 'pudor', 'patior']","['PRON', 'CCONJ', 'PRON', 'VERB', 'ADP', 'NOUN', 'VERB']"
328,393,Nobilis ille quidem nec nobilis es minus ipsa,"['Nobilis', 'ille', 'quidem', 'nec', 'nobilis', 'sum', 'minus', 'ipse']","['ADJ', 'PRON', 'ADV', 'CCONJ', 'ADJ', 'AUX', 'ADV', 'PRON']"
329,394,Est utriusque satis nota propago michi,"['sum', 'uterque', 'satis', 'nosco', 'propago', 'michi']","['AUX', 'PRON', 'ADV', 'VERB', 'NOUN', 'PUNCT']"
330,395,Pulcrior hic socijs - sociabus pulcrior ipsa,"['Pulcrior', 'hic', 'socius', '-', 'socia', 'pulcrior', 'ipse']","['ADJ', 'NOUN', 'NOUN', 'PUNCT', 'NOUN', 'ADJ', 'PRON']"
331,396,Cum specie species conuenit atque placet,"['Cum', 'species', 'species', 'conueno', 'atque', 'placeo']","['SCONJ', 'NOUN', 'NOUN', 'VERB', 'CCONJ', 'VERB']"
332,397,Hoc utriusque probat par copia parque iuuentus,"['ego', 'uterque', 'probo', 'par', 'copia', 'parqus', 'iuuentus']","['PRON', 'PRON', 'VERB', 'ADJ', 'NOUN', 'NOUN', 'NOUN']"
333,398,Famaque si sciret ipsa probaret idem,"['mamaque', 'si', 'scio', 'ipse', 'probo', 'idem']","['NOUN', 'SCONJ', 'VERB', 'PRON', 'VERB', 'PRON']"
334,399,Quando pares estis sociari iure potestis,"['muo', 'par', 'sum', 'socio', 'ius', 'possum']","['VERB', 'ADJ', 'AUX', 'VERB', 'NOUN', 'VERB']"
335,4,Nec sinit aspectus plaga uidere suos,"['Nec', 'sino', 'aspectus', 'plaga', 'umeo', 'suus']","['CCONJ', 'VERB', 'NOUN', 'NOUN', 'VERB', 'ADJ']"
336,40,Et me fallit  amor omnibus aut superest,"['Et', 'ego', 'fallo', 'amor', 'omnis', 'aut', 'supersum']","['CCONJ', 'PRON', 'VERB', 'NOUN', 'PRON', 'CCONJ', 'VERB']"
337,400,"Deficit in uobis nil nisi solus amor""","['meficio', 'in', 'us', 'nihil', 'nisi', 'solus', 'amor""']","['VERB', 'ADP', 'PRON', 'PRON', 'SCONJ', 'ADJ', 'PUNCT']"
338,401,Quod michi nunc dicis dici deberes amicis -,"['ide', 'ego', 'nunc', 'dico', 'dico', 'debeo', 'amicus', '-']","['PRON', 'PRON', 'ADV', 'VERB', 'VERB', 'VERB', 'NOUN', 'PUNCT']"
339,402,Assensu quorum coniugis opto thorum,"['mssensus', 'qui', 'conjugis', 'optum', 'thorum']","['NOUN', 'PRON', 'NOUN', 'VERB', 'NOUN']"
340,403,Vos prius alloquere uel tu uel Pamphilus ille,"['Vos', 'prius', 'alloquor', 'uel', 'tu', 'uel', 'Pamphilus', 'ille']","['PRON', 'ADV', 'VERB', 'SCONJ', 'PRON', 'SCONJ', 'PROPN', 'PRON']"
341,404,"Res erit ad libitum pulcrior ista suum""","['Res', 'sum', 'ad', 'libitus', 'pulcrior', 'iste', 'suum""']","['NOUN', 'VERB', 'ADP', 'NOUN', 'ADJ', 'PRON', 'PUNCT']"
342,405,Conuenit ut tua sit consensum teda parentum,"['monueno', 'ut', 'tuus', 'sum', 'consensus', 'teda', 'parens']","['VERB', 'SCONJ', 'ADJ', 'AUX', 'NOUN', 'NOUN', 'NOUN']"
343,406,Sed tuus interea militet ignis ei,"['Sed', 'tuus', 'interea', 'milito', 'ignis', 'is']","['CCONJ', 'ADJ', 'SCONJ', 'VERB', 'NOUN', 'PRON']"
344,407,Exercet corda iuuenum Venus ingeniosa,"['mxerceo', 'cor', 'iuuenus', 'Venus', 'ingeniosus']","['VERB', 'NOUN', 'ADJ', 'NOUN', 'ADJ']"
345,408,Quisque per hoc studium colligit ingenium,"['Quisque', 'per', 'hic', 'studium', 'colligo', 'ingenium']","['PRON', 'ADP', 'PRON', 'NOUN', 'VERB', 'NOUN']"
346,409,Incitat hoc animos dat largis odit auaros,"['mncito', 'hic', 'animus', 'do', 'largus', 'odi', 'auarus']","['VERB', 'PRON', 'NOUN', 'VERB', 'NOUN', 'VERB', 'ADJ']"
347,41,Nec mea transiecit certis precordia telis,"['Nec', 'meus', 'transieco', 'certus', 'precordia', 'telis']","['CCONJ', 'ADJ', 'VERB', 'ADJ', 'NOUN', 'NOUN']"
348,410,Leticiam sequitur tristiciamque fugit,"['meticium', 'sequor', 'tristicia', 'fugio']","['NOUN', 'VERB', 'NOUN', 'VERB']"
349,411,Narraret nullus quantum Veneris ualet usus,"['marro', 'nullus', 'quantum', 'menus', 'ualeo', 'usus']","['VERB', 'PRON', 'ADV', 'PROPN', 'VERB', 'NOUN']"
350,412,Huic nisi parueris rustica semper eris,"['Huic', 'nisi', 'paruer', 'rusticus', 'semper', 'sum']","['PRON', 'SCONJ', 'NOUN', 'ADJ', 'ADV', 'VERB']"
351,413,"""Per Veneris morem uirgo cito perdit honorem","['moeo', 'menus', 'mos', 'uirgo', 'cito', 'perdo', 'honor']","['VERB', 'PROPN', 'NOUN', 'NOUN', 'ADV', 'VERB', 'NOUN']"
352,414,Igneus ille furor nescit habere modum,"['Igneus', 'ille', 'furor', 'nescio', 'habeo', 'modus']","['ADJ', 'PRON', 'NOUN', 'VERB', 'VERB', 'NOUN']"
353,415,Non leue pondus habet uiolenta Cupidinis arma,"['Non', 'leus', 'pondus', 'habeo', 'uiolentus', 'mupidina', 'arma']","['ADV', 'ADJ', 'NOUN', 'VERB', 'ADJ', 'NOUN', 'NOUN']"
354,416,Hijs male seduci queque puella timet,"['Hijs', 'male', 'seduco', 'queque', 'puella', 'timeo']","['ADV', 'ADV', 'VERB', 'PRON', 'NOUN', 'VERB']"
355,417,Sepius immeritas incusat fama puellas,"['Sepius', 'immeritus', 'incuso', 'fama', 'puella']","['ADV', 'ADJ', 'VERB', 'NOUN', 'NOUN']"
356,418,Omnia nec cessat carpere liuor edax,"['nmnis', 'nec', 'cesso', 'carpio', 'liuor', 'edax']","['PRON', 'CCONJ', 'VERB', 'VERB', 'NOUN', 'PUNCT']"
357,419,Quo petis annuerem fame nisi uerba timerem,"['is', 'peto', 'annuo', 'famis', 'nisi', 'uerba', 'timeo']","['PRON', 'VERB', 'VERB', 'NOUN', 'SCONJ', 'NOUN', 'VERB']"
358,42,Tela nec inde queo ui remouere mea,"['Tela', 'nec', 'inde', 'queo', 'uu', 'remoueo', 'meus']","['NOUN', 'CCONJ', 'ADV', 'VERB', 'NOUN', 'VERB', 'ADJ']"
359,420,Que magis in tali crimine lumen,"['Que', 'magis', 'in', 'talis', 'crimen', 'lumen']","['CCONJ', 'ADV', 'ADP', 'PRON', 'NOUN', 'NOUN']"
360,421,Rebus in is maior nimis est infamia uero,"['mes', 'in', 'is', 'magnus', 'nimis', 'sum', 'infamium', 'uero']","['NOUN', 'ADP', 'NOUN', 'ADJ', 'ADV', 'AUX', 'NOUN', 'PUNCT']"
361,422,Sed prestat uerum rumor et ipse cadit,"['Sed', 'presto', 'uerus', 'rumor', 'et', 'ipse', 'cado']","['CCONJ', 'VERB', 'ADJ', 'NOUN', 'CCONJ', 'PRON', 'VERB']"
362,423,Murmura rumoris curasque leuabo timoris,"['murmus', 'rum', 'cura', 'leuo', 'timor']","['NOUN', 'NOUN', 'NOUN', 'VERB', 'NOUN']"
363,424,Vos uestrosque iocos calliditate tegam,"['Vos', 'uestrobuo', 'iocus', 'calliditas', 'tego']","['PRON', 'VERB', 'NOUN', 'NOUN', 'VERB']"
364,425,Nam Veneris mores cognoscimus eius et artes,"['Nam', 'menus', 'mos', 'cognosco', 'is', 'et', 'ars']","['ADV', 'PROPN', 'NOUN', 'VERB', 'PRON', 'CCONJ', 'NOUN']"
365,426,Et sic tuta meo res erit ingenio,"['Et', 'sic', 'tutor', 'meus', 'res', 'sum', 'ingenium']","['CCONJ', 'ADV', 'VERB', 'ADJ', 'NOUN', 'VERB', 'NOUN']"
366,427,Illum cum uideam michi consule quid sibi dicam,"['mllus', 'cum', 'umeo', 'ego', 'consulus', 'quis', 'se', 'dico']","['PRON', 'SCONJ', 'VERB', 'PRON', 'NOUN', 'PRON', 'PRON', 'VERB']"
367,428,Que michi predices tucius ipsa loquar,"['Que', 'ego', 'predico', 'tuxius', 'ipse', 'loquor']","['CCONJ', 'PRON', 'VERB', 'NOUN', 'PRON', 'VERB']"
368,429,Nescio uelle meum tibi secretumque fateri,"['Nescio', 'uello', 'meus', 'tu', 'secretus', 'fateor']","['VERB', 'VERB', 'ADJ', 'PRON', 'ADJ', 'VERB']"
369,43,Vulneris inde crescit dolor annibus horis amanti,"['mulnus', 'inde', 'cresco', 'dolor', 'annus', 'hos', 'amo']","['ADJ', 'ADV', 'VERB', 'NOUN', 'NOUN', 'NOUN', 'VERB']"
370,430,Nam dolus insidias tendit ubique suas,"['Nam', 'dolus', 'insidius', 'tendo', 'ubique', 'suus']","['ADV', 'NOUN', 'NOUN', 'VERB', 'ADV', 'ADJ']"
371,431,Sed tamen experiar que sit tua lingua fidesque,"['Sed', 'tamen', 'experior', 'que', 'sum', 'tuus', 'lingua', 'fidesque']","['CCONJ', 'ADV', 'VERB', 'CCONJ', 'AUX', 'ADJ', 'NOUN', 'PUNCT']"
372,432,Et qua parte tuum me trahat ingenium,"['Et', 'qui', 'pars', 'tuus', 'ego', 'traho', 'ingenium']","['CCONJ', 'PRON', 'NOUN', 'ADJ', 'PRON', 'VERB', 'NOUN']"
373,433,Pamphilus ipse meum pecijt michi nuper amorem,"['Pamphilus', 'ipse', 'meus', 'pecio', 'ego', 'nuper', 'amor']","['NOUN', 'PRON', 'ADJ', 'VERB', 'PRON', 'ADP', 'NOUN']"
374,434,Nos simul et uera iunxit amicicia,"['Nos', 'simul', 'et', 'uerus', 'iungo', 'amicicium']","['PRON', 'ADV', 'CCONJ', 'ADJ', 'VERB', 'NOUN']"
375,435,Sed nimis hoc cela soli sibi posco reuela,"['Sed', 'nimis', 'hic', 'cela', 'solus', 'se', 'posco', 'reuela']","['CCONJ', 'ADV', 'PRON', 'NOUN', 'ADJ', 'PRON', 'VERB', 'PUNCT']"
376,436,Non tamen incipias hac racione loqui,"['Non', 'tamen', 'incipio', 'hic', 'racio', 'loquor']","['ADV', 'ADV', 'VERB', 'PRON', 'NOUN', 'VERB']"
377,437,Illum sepe prius multo uolumine tempta,"['mllus', 'sepe', 'prius', 'multo', 'uolumen', 'tempto']","['PRON', 'ADV', 'ADV', 'ADV', 'NOUN', 'VERB']"
378,438,Quod dixi dicet forsitan ipse tibi,"['ide', 'dico', 'dico', 'forsitan', 'ipse', 'tu']","['PRON', 'VERB', 'VERB', 'ADV', 'PRON', 'PRON']"
379,439,Hinc modo discede fac et precor omnia caute,"['Hinc', 'modus', 'discedo', 'facio', 'et', 'prico', 'omnis', 'caute']","['ADV', 'NOUN', 'VERB', 'VERB', 'CCONJ', 'VERB', 'PRON', 'PUNCT']"
380,44,Decrescitque color uisque decorque meus,"['mecresco', 'color', 'uisque', 'decorque', 'meus']","['VERB', 'NOUN', 'NOUN', 'NOUN', 'ADJ']"
381,440,Et tibi que dicet cras michi cuncta refert,"['Et', 'tu', 'que', 'dico', 'crus', 'ego', 'cunctus', 'refero']","['CCONJ', 'PRON', 'CCONJ', 'VERB', 'PRON', 'PRON', 'PRON', 'VERB']"
382,441,Multociens animos frustratur spesque laborque,"['multocio', 'animus', 'frustro', 'spes', 'labor']","['VERB', 'NOUN', 'VERB', 'NOUN', 'NOUN']"
383,442,Non res ut uolumus Pamphile nostra uenit,"['Non', 'res', 'ut', 'uoluo', 'mamphio', 'noster', 'uenio']","['ADV', 'NOUN', 'SCONJ', 'VERB', 'VERB', 'ADJ', 'VERB']"
384,443,Tardius ad nostrum nimis aduocor ipsa iuuamen,"['mardus', 'ad', 'noster', 'nimis', 'aduocor', 'ipse', 'iuuamen']","['NOUN', 'ADP', 'ADJ', 'ADV', 'NOUN', 'PRON', 'NOUN']"
385,444,Nam prodesse nequit arsque laborque tibi,"['Nam', 'prodedo', 'nequor', 'arsquis', 'labor', 'tu']","['ADV', 'VERB', 'VERB', 'NOUN', 'NOUN', 'PRON']"
386,445,Res ut testatur Galthee teda paratur,"['Res', 'ut', 'testor', 'Galthee', 'teda', 'paro']","['NOUN', 'SCONJ', 'VERB', 'ADP', 'NOUN', 'VERB']"
387,446,- Miror enim cultus quos parat illa domus,"['-', 'miror', 'enim', 'cultus', 'qui', 'paro', 'ille', 'domus']","['PUNCT', 'VERB', 'ADV', 'NOUN', 'PRON', 'VERB', 'PRON', 'NOUN']"
388,447,Sunt centum cause quibus illud suspicor esse,"['sum', 'centum', 'cause', 'qui', 'ille', 'suspicio', 'sum']","['AUX', 'NUM', 'DET', 'PRON', 'PRON', 'VERB', 'VERB']"
389,448,Sed suus ipsa tamen celat uterque parens,"['Sed', 'suus', 'ipse', 'tamen', 'celo', 'uterque', 'parens']","['CCONJ', 'ADJ', 'PRON', 'ADV', 'VERB', 'PRON', 'ADJ']"
390,449,Hoc tibi quod dico sapiencius accipe posco,"['ego', 'tu', 'qui', 'dico', 'sapience', 'accipio', 'posco']","['PRON', 'PRON', 'PRON', 'VERB', 'ADV', 'VERB', 'VERB']"
391,45,Hec nulli dixi nec que michi uulnera fecit,"['Hec', 'nullus', 'dico', 'nec', 'que', 'ego', 'uulnus', 'facio']","['PRON', 'PRON', 'VERB', 'CCONJ', 'CCONJ', 'PRON', 'NOUN', 'VERB']"
392,450,Mitte quod esse nequit quere quod esse potest,"['mitto', 'quod', 'sum', 'nequor', 'quo', 'qui', 'sum', 'possum']","['VERB', 'SCONJ', 'VERB', 'VERB', 'VERB', 'PRON', 'VERB', 'VERB']"
393,451,Heu michi nam fugiunt uires et corporis usus,"['neu', 'ego', 'nam', 'fugio', 'uipis', 'et', 'corpus', 'usus']","['ADV', 'PRON', 'ADV', 'VERB', 'NOUN', 'CCONJ', 'NOUN', 'NOUN']"
394,452,Mens mea non seruit nec mea lingua michi,"['Mens', 'meus', 'non', 'seruio', 'nec', 'meus', 'lingua', 'michi']","['NOUN', 'ADJ', 'ADV', 'VERB', 'CCONJ', 'ADJ', 'NOUN', 'PUNCT']"
395,453,Heu miser in nostris est nulla potencia membris,"['neu', 'miser', 'in', 'noster', 'sum', 'nullus', 'potencia', 'membrum']","['ADV', 'ADJ', 'ADP', 'ADJ', 'VERB', 'PRON', 'NOUN', 'NOUN']"
396,454,Quorum quodque suum denegat officium,"['is', 'quisque', 'suus', 'denego', 'officium']","['PRON', 'PRON', 'ADJ', 'VERB', 'NOUN']"
397,455,Spes mea me lesit per spem Venus ossibus hesit,"['Spes', 'meus', 'ego', 'lesum', 'per', 'spes', 'Venus', 'os', 'hesit']","['NOUN', 'ADJ', 'PRON', 'VERB', 'ADP', 'NOUN', 'NOUN', 'NOUN', 'PUNCT']"
398,456,Spes procul abscessit nec tamen ignis abest,"['Spes', 'procul', 'abscedo', 'nec', 'tamen', 'ignis', 'absum']","['NOUN', 'ADV', 'VERB', 'CCONJ', 'ADV', 'NOUN', 'VERB']"
399,457,Nulla parte suos mea cernit carbasa portus,"['mullus', 'pars', 'suus', 'meus', 'cerno', 'carba', 'portus']","['PRON', 'NOUN', 'ADJ', 'ADJ', 'VERB', 'NOUN', 'NOUN']"
400,458,Nec sentire potest anchora nostra solum,"['Nec', 'sentio', 'possum', 'anchus', 'noster', 'solum']","['CCONJ', 'VERB', 'VERB', 'NOUN', 'ADJ', 'ADV']"
401,459,Lesit nostra suam quo querat cura salutem,"['mesum', 'noster', 'suus', 'qui', 'quuro', 'cura', 'salus']","['VERB', 'ADJ', 'ADJ', 'PRON', 'VERB', 'NOUN', 'NOUN']"
402,46,Iustaque causa fuit dicere que uetuit,"['mustaqus', 'causa', 'sum', 'dico', 'que', 'uetuio']","['ADJ', 'NOUN', 'VERB', 'VERB', 'CCONJ', 'VERB']"
403,460,Fert Galathea mei sola doloris opem,"['merto', 'malatro', 'meus', 'solus', 'dolor', 'ops']","['VERB', 'VERB', 'ADJ', 'ADJ', 'NOUN', 'NOUN']"
404,461,Causa mee mortis hec est et cura salutis,"['Causa', 'meus', 'mors', 'hec', 'sum', 'et', 'cura', 'salus']","['NOUN', 'ADJ', 'NOUN', 'ADJ', 'AUX', 'CCONJ', 'NOUN', 'NOUN']"
405,462,Qua si non paciar tunc placet ut moria,"['is', 'si', 'non', 'pacio', 'tunc', 'placeo', 'ut', 'moria']","['PRON', 'SCONJ', 'ADV', 'VERB', 'ADV', 'VERB', 'SCONJ', 'NOUN']"
406,463,Stulte quid insanis cur te dolor urget inanis,"['mtuleo', 'quis', 'insanus', 'cur', 'tu', 'dolor', 'urgeo', 'inanis']","['VERB', 'PRON', 'NOUN', 'SCONJ', 'PRON', 'NOUN', 'VERB', 'ADJ']"
407,464,Acquirit gemitus premia nulla tuus,"['scquiro', 'gemitus', 'premium', 'nullus', 'tuus']","['VERB', 'NOUN', 'NOUN', 'PRON', 'ADJ']"
408,465,Temperet ergo tuum modus et prudencia fletum,"['memperto', 'ergo', 'tuus', 'modus', 'et', 'prudencia', 'fletus']","['VERB', 'ADV', 'ADJ', 'NOUN', 'CCONJ', 'NOUN', 'NOUN']"
409,466,Terge tuas lacrimas prospice quid facias,"['merx', 'tuus', 'lacrima', 'prospicio', 'quis', 'facio']","['NOUN', 'ADJ', 'NOUN', 'VERB', 'PRON', 'VERB']"
410,467,Conspicit ingentes animos inanis egestas,"['monspicio', 'ingens', 'animus', 'inanis', 'egestas']","['VERB', 'ADJ', 'NOUN', 'ADJ', 'NOUN']"
411,468,Et facit artificiem sepius hec homniem,"['Et', 'facio', 'artificies', 'sepius', 'hec', 'homo']","['CCONJ', 'VERB', 'NOUN', 'ADV', 'ADJ', 'NOUN']"
412,469,Ars hominis magnum superat studiosa periclum,"['Ars', 'homo', 'magnus', 'supero', 'studiosus', 'periclum']","['NOUN', 'NOUN', 'ADJ', 'VERB', 'ADJ', 'NOUN']"
413,47,Dicitur et fateor me nobilioribus ortam,"['micio', 'et', 'fateor', 'ego', 'nobilis', 'orta']","['VERB', 'CCONJ', 'PROPN', 'PRON', 'ADJ', 'NOUN']"
414,470,"Me labor arsque uigil forte iuuaret adhuc""","['ego', 'labor', 'arsquis', 'umil', 'forte', 'iuuo', 'adhuc""']","['PRON', 'NOUN', 'NOUN', 'VERB', 'ADV', 'VERB', 'PUNCT']"
415,471,Quis labor heu tantum posset superare periclum,"['Quis', 'labor', 'heu', 'tantum', 'possum', 'supero', 'periclum']","['PRON', 'NOUN', 'DET', 'ADV', 'VERB', 'VERB', 'NOUN']"
416,472,Spes mea tanta perit imminet hora leti,"['Spes', 'meus', 'tantus', 'pereo', 'immineo', 'hora', 'les']","['NOUN', 'ADJ', 'PRON', 'VERB', 'VERB', 'NOUN', 'NOUN']"
417,473,Nec uiuente suo michi nuberet ipsa marito,"['Nec', 'ujuo', 'suus', 'ego', 'nubo', 'ipse', 'maritus']","['CCONJ', 'VERB', 'ADJ', 'PRON', 'VERB', 'PRON', 'NOUN']"
418,474,Crimen legitimos est uiolare thoros,"['Crimen', 'legitimus', 'sum', 'uiolo', 'thoros']","['NOUN', 'ADJ', 'AUX', 'VERB', 'NOUN']"
419,475,Ad nichilum prorsus meus est labor iste redactus,"['Ad', 'nichil', 'prorsus', 'meus', 'sum', 'labor', 'iste', 'redacio']","['ADP', 'PRON', 'CCONJ', 'ADJ', 'AUX', 'NOUN', 'PRON', 'VERB']"
420,476,Et mea cura sue perdidit artis opem,"['Et', 'meus', 'cura', 'sue', 'perdo', 'ars', 'ops']","['CCONJ', 'ADJ', 'NOUN', 'ADJ', 'VERB', 'NOUN', 'NOUN']"
421,477,Nulla dies mitem dabit et nox nulla quietem,"['mullus', 'dies', 'mites', 'do', 'et', 'nox', 'nullus', 'quies']","['PRON', 'NOUN', 'NOUN', 'VERB', 'CCONJ', 'NOUN', 'PRON', 'NOUN']"
422,478,Semper me miserum uexat inanis amor,"['Semper', 'ego', 'miserus', 'uego', 'inanis', 'amor']","['ADV', 'PRON', 'ADJ', 'VERB', 'ADJ', 'NOUN']"
423,479,Sepius exigua color - labitur hora,"['Sepius', 'exiguus', 'color', '-', 'labeo', 'hora']","['NOUN', 'ADJ', 'NOUN', 'PUNCT', 'VERB', 'NOUN']"
424,48,Hijs ideo metuo dicere uelle meum,"['Hijs', 'ideo', 'metuo', 'dico', 'uello', 'meus']","['ADV', 'ADV', 'VERB', 'VERB', 'VERB', 'ADJ']"
425,480,Ingens in paruis umbrabus aura cadit,"['mngo', 'in', 'paruus', 'umbra', 'aura', 'cado']","['VERB', 'ADP', 'ADJ', 'NOUN', 'NOUN', 'VERB']"
426,481,Estque serena dies post longo gracior ymbres,"['sum', 'serenus', 'dies', 'post', 'longus', 'gracior', 'ymbres']","['AUX', 'ADJ', 'NOUN', 'ADP', 'ADJ', 'NOUN', 'PUNCT']"
427,482,Et post triste malum fit ipsa salus,"['Et', 'post', 'tristis', 'malum', 'facio', 'ipse', 'salus']","['CCONJ', 'ADP', 'ADJ', 'NOUN', 'VERB', 'PRON', 'NOUN']"
428,483,Tu modo respira dolor absit fectus et ira,"['eu', 'modus', 'respira', 'dolor', 'absum', 'fectus', 'et', 'ira']","['PRON', 'NOUN', 'SCONJ', 'NOUN', 'VERB', 'NOUN', 'CCONJ', 'NOUN']"
429,484,Sunt prope magna tue gaudia tristicie,"['sum', 'prope', 'magnus', 'tu', 'gaudium', 'tristicus']","['AUX', 'ADV', 'ADJ', 'PRON', 'NOUN', 'ADJ']"
430,485,Nostrum uelle tua nobis faciet Galathea,"['moster', 'uello', 'tuus', 'nos', 'facio', 'malatro']","['ADJ', 'VERB', 'ADJ', 'PRON', 'VERB', 'VERB']"
431,486,"Omnino nostris se dedit imperij""","['Omnino', 'noster', 'se', 'do', 'imperij""']","['ADV', 'ADJ', 'PRON', 'VERB', 'PUNCT']"
432,487,Vt pia promissis matrum solercia uanis,"['Vt', 'pius', 'promitto', 'matrum', 'solercia', 'uanis']","['SCONJ', 'ADJ', 'VERB', 'NOUN', 'NOUN', 'NOUN']"
433,488,plorantes pueros admonet ut taceant,"['ploro', 'puer', 'admoneo', 'ut', 'taceo']","['VERB', 'NOUN', 'VERB', 'SCONJ', 'VERB']"
434,489,Hic me fortassis falso solamine pascis,"['ego', 'ego', 'fortasse', 'falso', 'solaminis', 'pasco']","['PRON', 'PRON', 'VERB', 'ADV', 'ADJ', 'VERB']"
435,49,Fertur et est uerum quod me sit dicior illa,"['merto', 'et', 'sum', 'uerus', 'quod', 'ego', 'sum', 'dicior', 'ille']","['VERB', 'CCONJ', 'AUX', 'ADJ', 'SCONJ', 'PRON', 'AUX', 'NOUN', 'PRON']"
436,490,Vt dolor a tristi pectore tristis eat,"['Vt', 'dolor', 'ab', 'tristus', 'pector', 'tristus', 'sum']","['SCONJ', 'NOUN', 'ADP', 'ADJ', 'NOUN', 'ADJ', 'VERB']"
437,5,Vnde futura meis maiora pericula dampnis,"['modeo', 'futurus', 'meus', 'magnus', 'pericula', 'dampnis']","['VERB', 'ADJ', 'ADJ', 'ADJ', 'NOUN', 'PUNCT']"
438,50,Et decus et dotes copia sepe rogat,"['Et', 'decus', 'et', 'dos', 'copia', 'sepe', 'rogo']","['CCONJ', 'NOUN', 'CCONJ', 'NOUN', 'NOUN', 'ADV', 'VERB']"
439,51,Nec michi sunt dotes decus ingens et copia grandis,"['Nec', 'ego', 'sum', 'dos', 'decus', 'ingens', 'et', 'copia', 'gramdus']","['CCONJ', 'PRON', 'AUX', 'NOUN', 'NOUN', 'ADJ', 'CCONJ', 'NOUN', 'NOUN']"
440,52,sed quod habere queo quero labore meo,"['sed', 'quod', 'habeo', 'queo', 'quiero', 'labor', 'meus']","['CCONJ', 'SCONJ', 'VERB', 'VERB', 'VERB', 'NOUN', 'ADJ']"
441,53,Cum modo sit diues cuiusdam nata bubulci,"['Cum', 'modus', 'sum', 'diues', 'quidam', 'nascor', 'bubulsus']","['ADP', 'NOUN', 'AUX', 'NOUN', 'PRON', 'VERB', 'NOUN']"
442,54,Eligit e mille quemlibet illa uirum,"['mligo', 'ex', 'mille', 'quilibet', 'ille', 'uier']","['VERB', 'ADP', 'NUM', 'PRON', 'PRON', 'NOUN']"
443,55,Illius in forma nostros tremor occupat artus,"['alle', 'in', 'forma', 'noster', 'tremor', 'occupo', 'artus']","['PRON', 'ADP', 'NOUN', 'ADJ', 'NOUN', 'VERB', 'NOUN']"
444,56,Et magis hoc uotum dicere causa uetat,"['Et', 'magis', 'hic', 'uotus', 'dico', 'causa', 'ueto']","['CCONJ', 'ADV', 'PRON', 'NOUN', 'VERB', 'NOUN', 'VERB']"
445,57,Concipit ingentes animos fiducia forme,"['moncipio', 'ingens', 'animus', 'fiducia', 'forme']","['VERB', 'ADJ', 'NOUN', 'NOUN', 'PUNCT']"
446,58,Inque modum dominam non sinit esse suam,"['Inque', 'modus', 'dominus', 'non', 'sino', 'sum', 'suus']","['CCONJ', 'NOUN', 'ADJ', 'ADV', 'VERB', 'AUX', 'ADJ']"
447,59,Has de corde meo temptaui demere curas,"['Has', 'de', 'cor', 'meus', 'tempto', 'demeo', 'cura']","['PRON', 'ADP', 'NOUN', 'ADJ', 'VERB', 'VERB', 'NOUN']"
448,6,spero salutis opem nec medicina dabit,"['sperio', 'salus', 'ops', 'nec', 'medicinus', 'do']","['VERB', 'NOUN', 'NOUN', 'CCONJ', 'ADJ', 'VERB']"
449,60,Sepius obstanti tunc magis arsit amor,"['Sepius', 'obsto', 'tunc', 'magis', 'arsum', 'amor']","['ADV', 'VERB', 'ADV', 'ADV', 'VERB', 'NOUN']"
450,61,En mala nostra uides en nostra pericula nosti,"['mo', 'malum', 'noster', 'uodeo', 'sum', 'noster', 'pericula', 'nosco']","['VERB', 'NOUN', 'ADJ', 'VERB', 'VERB', 'ADJ', 'NOUN', 'VERB']"
451,62,Inde preco precihus mitis adesto meis,"['Inde', 'precus', 'precihus', 'mitus', 'adsum', 'meus']","['ADV', 'NOUN', 'NOUN', 'ADJ', 'VERB', 'ADJ']"
452,63,Non michi respondes non dictis porrigis aures,"['Non', 'ego', 'respondeo', 'non', 'dico', 'porrigo', 'auris']","['ADV', 'PRON', 'VERB', 'ADV', 'VERB', 'VERB', 'NOUN']"
453,64,Nec tua clara meum lumina lumen habent,"['Nec', 'tuus', 'clarus', 'meus', 'lumen', 'lumen', 'habeo']","['CCONJ', 'ADJ', 'ADJ', 'ADJ', 'NOUN', 'NOUN', 'VERB']"
454,65,Aut tu tolle tuas nostro de corde sagittas,"['Aut', 'tu', 'tollo', 'tuus', 'noster', 'de', 'cor', 'sagitta']","['CCONJ', 'PRON', 'VERB', 'ADJ', 'ADJ', 'ADP', 'NOUN', 'NOUN']"
455,66,Aut tu seua tuis uulnera pasce modi,"['Aut', 'tu', 'sequor', 'tuus', 'uulnus', 'pasco', 'modus']","['CCONJ', 'NOUN', 'VERB', 'ADJ', 'NOUN', 'VERB', 'NOUN']"
456,67,Quis posset tanti curam tolerare laboris,"['Quis', 'possum', 'tantus', 'cura', 'tolero', 'labor']","['PRON', 'VERB', 'PRON', 'NOUN', 'VERB', 'NOUN']"
457,68,Que domino flent premia nulla daret,"['Que', 'dominus', 'fleo', 'premium', 'nullus', 'do']","['CCONJ', 'NOUN', 'VERB', 'NOUN', 'PRON', 'VERB']"
458,69,Insto precando tibi michi nam dolor anxius instat,"['mnsio', 'preco', 'tu', 'ego', 'nam', 'dolor', 'anx', 'insto']","['VERB', 'VERB', 'PRON', 'PRON', 'ADV', 'NOUN', 'ADJ', 'VERB']"
459,7,Quam prius ipse uiam meliorem capere possim,"['idem', 'prius', 'ipse', 'uia', 'bonus', 'capio', 'possum']","['PRON', 'ADV', 'PRON', 'NOUN', 'ADJ', 'VERB', 'VERB']"
460,70,Assiduasque preces concipit ipse dolor,"['mssiduasque', 'preces', 'concipio', 'ipse', 'dolor']","['ADJ', 'NOUN', 'VERB', 'PRON', 'NOUN']"
461,71,Tunc Venus hoc inquit Labor improbus omnia uincit,"['Tunc', 'Venus', 'hic', 'inquam', 'Labor', 'improbus', 'omnis', 'umno']","['ADV', 'NOUN', 'PRON', 'VERB', 'NOUN', 'ADJ', 'PRON', 'VERB']"
462,72,Qualibet et poteris ipse labore frui,"['mualibet', 'et', 'possum', 'ipse', 'labor', 'fruor']","['PRON', 'CCONJ', 'VERB', 'PRON', 'NOUN', 'VERB']"
463,73,Et monstrare tuos animos nulli uerearis,"['Et', 'monstro', 'tuus', 'animus', 'nullus', 'uerearis']","['CCONJ', 'VERB', 'ADJ', 'NOUN', 'PRON', 'ADJ']"
464,74,Vix erit in mille que neget una tibi,"['Vix', 'sum', 'in', 'mille', 'que', 'nego', 'unus', 'tu']","['ADV', 'VERB', 'ADP', 'NUM', 'CCONJ', 'VERB', 'NUM', 'PRON']"
465,75,Quodque precando petes prius aspera forte negabit,"['Quodque', 'preco', 'pesc', 'prius', 'asperus', 'forte', 'nego']","['SCONJ', 'VERB', 'VERB', 'ADV', 'ADJ', 'ADV', 'VERB']"
466,76,Sed leue pondus habet illius asperitas,"['Sed', 'leus', 'pondus', 'habeo', 'ille', 'asperio']","['CCONJ', 'ADJ', 'NOUN', 'VERB', 'PRON', 'VERB']"
467,77,Iam iurando prius quos uenditor ipse negabat,"['Iam', 'iuro', 'prius', 'qui', 'uenditor', 'ipse', 'nego']","['ADV', 'VERB', 'ADV', 'PRON', 'NOUN', 'PRON', 'VERB']"
468,78,Venales census improbus emptor habet,"['menalis', 'census', 'improbus', 'emptor', 'habeo']","['ADJ', 'NOUN', 'ADJ', 'NOUN', 'VERB']"
469,79,Nec mare transisset pauidus si nauta fuisset,"['Nec', 'mare', 'transeo', 'pauidus', 'si', 'nauta', 'sum']","['CCONJ', 'NOUN', 'AUX', 'ADJ', 'SCONJ', 'ADJ', 'VERB']"
470,8,Heu michi quid facia Non bene certus eo,"['meus', 'ego', 'quis', 'facio', 'Non', 'bene', 'certus', 'is']","['VERB', 'PRON', 'PRON', 'AUX', 'ADV', 'ADV', 'ADJ', 'PRON']"
471,80,Turgida cum primum restitit unda rati,"['murgidus', 'cum', 'primus', 'restituo', 'unda', 'rati']","['ADJ', 'SCONJ', 'ADJ', 'VERB', 'NOUN', 'PUNCT']"
472,81,Ergo tuis primum si non fauet ipsa loquelis,"['Ergo', 'tuus', 'primus', 'si', 'non', 'fauor', 'ipse', 'loquelis']","['ADV', 'ADJ', 'ADJ', 'SCONJ', 'ADV', 'VERB', 'PRON', 'PUNCT']"
473,82,Arte uel officio fac tamen ut faueat,"['mrs', 'uel', 'officium', 'facio', 'tamen', 'ut', 'fauio']","['NOUN', 'CCONJ', 'NOUN', 'VERB', 'ADV', 'SCONJ', 'VERB']"
474,83,Ars animos frangit et firmas diruit urbes,"['Ars', 'animus', 'frango', 'et', 'firmus', 'dirum', 'urbis']","['NOUN', 'NOUN', 'VERB', 'CCONJ', 'ADJ', 'VERB', 'NOUN']"
475,84,Arte cadunt turres  arte leuatur onus,"['mrs', 'cado', 'turris', 'ars', 'leuo', 'onus']","['NOUN', 'VERB', 'ADJ', 'NOUN', 'VERB', 'NOUN']"
476,85,Et piscis liquidis deprehendit arte sub undis,"['Et', 'piscis', 'liquidus', 'deprehendo', 'ars', 'sub', 'undis']","['CCONJ', 'NOUN', 'ADJ', 'VERB', 'NOUN', 'ADP', 'NOUN']"
477,86,Et pedibus siccis per mare currit homo,"['Et', 'pes', 'siccus', 'per', 'mare', 'curro', 'homo']","['CCONJ', 'NOUN', 'ADJ', 'ADP', 'NOUN', 'VERB', 'NOUN']"
478,87,Rebus et in multis ars adiuuat officiumque,"['mes', 'et', 'in', 'multus', 'ars', 'adjuvo', 'officium']","['NOUN', 'CCONJ', 'ADP', 'ADJ', 'NOUN', 'VERB', 'NOUN']"
479,88,Pauper sepe suo pascitur officio,"['Pauper', 'sepe', 'suus', 'pasco', 'officium']","['ADJ', 'ADP', 'ADJ', 'VERB', 'NOUN']"
480,89,Et quamuis iusta sedatur principis ira,"['Et', 'quamuis', 'iustus', 'sedo', 'princeps', 'ira']","['CCONJ', 'SCONJ', 'ADJ', 'VERB', 'NOUN', 'NOUN']"
481,9,Conqueror estque mee iustissima causa querele,"['Conqueror', 'sum', 'meus', 'iustus', 'causa', 'querele']","['NOUN', 'AUX', 'ADJ', 'ADJ', 'NOUN', 'PUNCT']"
482,90,Seruat et illesum corpus opesque reus,"['meruo', 'et', 'illesum', 'corpus', 'opes', 'res']","['VERB', 'CCONJ', 'VERB', 'NOUN', 'NOUN', 'NOUN']"
483,91,Et gaudet locuples qui flere solebat egenus,"['Et', 'gaudeo', 'locuplis', 'qui', 'fleo', 'soleo', 'egeo']","['CCONJ', 'VERB', 'ADJ', 'PRON', 'VERB', 'VERB', 'VERB']"
484,92,Et modo uadit eques qui solet ire pedes,"['Et', 'modus', 'uadeo', 'eques', 'qui', 'soleo', 'eo', 'pes']","['CCONJ', 'NOUN', 'VERB', 'NOUN', 'PRON', 'VERB', 'VERB', 'NOUN']"
485,93,Quod donare sibi minime potuere parentes,"['ide', 'dono', 'se', 'minus', 'possum', 'parens']","['PRON', 'VERB', 'PRON', 'ADV', 'VERB', 'NOUN']"
486,94,Hoc exercenti iam dabit officium,"['ego', 'exerceo', 'iam', 'do', 'officium']","['PRON', 'VERB', 'ADV', 'VERB', 'NOUN']"
487,95,Officiumque tuum primum si forte recusat,"['nfficiumque', 'tuus', 'primus', 'si', 'forte', 'recuso']","['NOUN', 'ADJ', 'ADJ', 'SCONJ', 'ADV', 'VERB']"
488,96,Tu seruire tamen esto paratus ei,"['eu', 'seruio', 'tamen', 'sum', 'paro', 'is']","['PRON', 'VERB', 'ADV', 'AUX', 'VERB', 'PRON']"
489,97,Hijs poteris superare minas causantis amice,"['Hijs', 'possum', 'supero', 'parvus', 'causo', 'amice']","['ADV', 'VERB', 'VERB', 'NOUN', 'VERB', 'PUNCT']"
490,98,Fiet amica tibi que prius hostis erat,"['mio', 'amicus', 'tu', 'que', 'prius', 'hostes', 'sum']","['AUX', 'ADJ', 'PRON', 'CCONJ', 'ADV', 'NOUN', 'AUX']"
491,99,In quibus ipsa solet loca sepius illa frequenta,"['In', 'qui', 'ipse', 'soleo', 'locus', 'sepius', 'ille', 'frequenta']","['ADP', 'PRON', 'PRON', 'VERB', 'NOUN', 'ADV', 'PRON', 'PUNCT']"
